Route_ID,Source_Airport
1,LAS
2,LAX
3,AGP
4,AMS
5,ARN
6,ARN
7,BCN
8,BCN
9,BUD
10,CDG
11,CTA
12,CTA
13,CTA
14,CWL
15,DBV
16,DBV
17,DBV
18,DUB
19,DUS
20,DUS
21,DUS
22,DUS
23,DUS
24,DUS
25,DUS
26,DUS
27,DUS
28,DUS
29,DUS
30,DUS
31,DUS
32,DUS
33,DUS
34,DUS
35,FAO
36,FCO
37,FCO
38,HAM
39,HAM
40,HAM
41,HAM
42,HAM
43,HAM
44,HAM
45,HAM
46,HAM
47,HAM
48,HAM
49,HAM
50,HAM
51,HAM
52,HAM
53,HAM
54,HAM
55,HAM
56,HAM
57,HAM
58,HEL
59,KTW
60,LHR
61,LHR
62,LYS
63,MAD
64,MAD
65,MAN
66,MXP
67,MXP
68,NCE
69,NCE
70,PMI
71,PMI
72,PMI
73,PRG
74,PRG
75,SPU
76,SPU
77,SPU
78,TLS
79,TXL
80,TXL
81,TXL
82,TXL
83,TXL
84,TXL
85,TXL
86,TXL
87,TXL
88,TXL
89,VCE
90,VCE
91,VIE
92,VIE
93,WAW
94,WRO
95,BRU
96,FCO
97,GOT
98,LYS
99,LYS
100,LYS
101,LYS
102,LYS
103,LYS
104,MXP
105,NCE
106,PRG
107,TLS
108,VCE
109,ABZ
110,AGP
111,AMS
112,ARN
113,ATL
114,ATL
115,ATL
116,BCN
117,BCN
118,BHD
119,BRU
120,BUD
121,CDG
122,CDG
123,CDG
124,CDG
125,CPH
126,DEN
127,DEN
128,DEN
129,DEN
130,DEN
131,DFW
132,DFW
133,DFW
134,DFW
135,DFW
136,DFW
137,DFW
138,DFW
139,DFW
140,DFW
141,DFW
142,DFW
143,DFW
144,DUB
145,DUB
146,DUB
147,DUS
148,DUS
149,DUS
150,DUS
151,EDI
152,FCO
153,FCO
154,FCO
155,FRA
156,FRA
157,GLA
158,GOT
159,HAM
160,HEL
161,HEL
162,HEL
163,JFK
164,JFK
165,JFK
166,JFK
167,JFK
168,JFK
169,JFK
170,JFK
171,JFK
172,JFK
173,JFK
174,JFK
175,JFK
176,JFK
177,JFK
178,JFK
179,JFK
180,JFK
181,JFK
182,LAS
183,LAS
184,LAS
185,LAS
186,LAS
187,LAS
188,LAX
189,LAX
190,LAX
191,LAX
192,LAX
193,LAX
194,LAX
195,LAX
196,LAX
197,LAX
198,LAX
199,LCA
200,LGW
201,LGW
202,LHR
203,LHR
204,LHR
205,LHR
206,LHR
207,LHR
208,LHR
209,LHR
210,LHR
211,LHR
212,LHR
213,LHR
214,LHR
215,LHR
216,LHR
217,LHR
218,LHR
219,LHR
220,LHR
221,LHR
222,LHR
223,LHR
224,LHR
225,LHR
226,LHR
227,LHR
228,LHR
229,LHR
230,LHR
231,LHR
232,LHR
233,LHR
234,LHR
235,LHR
236,LHR
237,LHR
238,LHR
239,LHR
240,LHR
241,LHR
242,LHR
243,LHR
244,LHR
245,LHR
246,LHR
247,LHR
248,LIS
249,LUX
250,LYS
251,MAD
252,MAD
253,MAD
254,MAD
255,MAN
256,MAN
257,MAN
258,MAN
259,MCO
260,MCO
261,MCO
262,MCO
263,MCO
264,MCO
265,MUC
266,MXP
267,MXP
268,NCE
269,ORD
270,ORD
271,ORD
272,ORD
273,ORD
274,ORD
275,ORD
276,ORD
277,ORD
278,ORD
279,ORD
280,ORD
281,ORD
282,ORD
283,ORD
284,ORD
285,ORD
286,ORY
287,OTP
288,PRG
289,RTM
290,SEA
291,SEA
292,SEA
293,SEA
294,SEA
295,SEA
296,SEA
297,SEA
298,SFO
299,SFO
300,SFO
301,SFO
302,SFO
303,SFO
304,SOF
305,TLS
306,TXL
307,TXL
308,TXL
309,VCE
310,VIE
311,WAW
312,ZAG
313,AGP
314,AGP
315,AGP
316,AGP
317,AGP
318,AGP
319,ALC
320,ALC
321,ALC
322,ALC
323,ALC
324,ALC
325,ARN
326,ARN
327,BCN
328,BCN
329,BCN
330,BUD
331,CDG
332,CPH
333,CPH
334,CPH
335,CPH
336,CTA
337,CTA
338,CTA
339,CTA
340,DFW
341,DUS
342,DUS
343,DUS
344,DUS
345,DUS
346,DUS
347,DUS
348,DUS
349,DUS
350,DUS
351,DUS
352,DUS
353,DUS
354,DUS
355,DUS
356,DUS
357,DUS
358,DUS
359,DUS
360,DUS
361,DUS
362,DUS
363,DUS
364,DUS
365,DUS
366,FAO
367,FAO
368,FAO
369,FAO
370,FAO
371,FCO
372,FCO
373,FCO
374,FNC
375,FNC
376,FNC
377,FNC
378,FRA
379,FRA
380,FRA
381,FRA
382,FRA
383,FRA
384,FRA
385,FRA
386,FRA
387,FRA
388,GDN
389,GOT
390,GRZ
391,GRZ
392,HAM
393,HAM
394,HAM
395,HAM
396,HAM
397,HAM
398,HAM
399,HAM
400,HAM
401,HAM
402,HAM
403,HEL
404,HEL
405,HEL
406,HEL
407,HEL
408,HEL
409,INN
410,JFK
411,JFK
412,KRK
413,LAX
414,LCA
415,LGW
416,LHR
417,LHR
418,LHR
419,LHR
420,LHR
421,LHR
422,MAD
423,MAD
424,MAD
425,MAD
426,MAD
427,MLA
428,MUC
429,MUC
430,MUC
431,MUC
432,MUC
433,MUC
434,MUC
435,MUC
436,MUC
437,MUC
438,MUC
439,MUC
440,MUC
441,MUC
442,MXP
443,MXP
444,MXP
445,NCE
446,NCE
447,ORD
448,ORD
449,ORY
450,ORY
451,OTP
452,PDL
453,PMI
454,PMI
455,PMI
456,PMI
457,PMI
458,PMI
459,PMI
460,PMI
461,PMI
462,PMI
463,PMI
464,PMI
465,PMI
466,RIX
467,RIX
468,RIX
469,RIX
470,RIX
471,SOF
472,STN
473,SZG
474,SZG
475,SZG
476,SZG
477,SZG
478,SZG
479,TXL
480,TXL
481,TXL
482,TXL
483,TXL
484,TXL
485,TXL
486,TXL
487,TXL
488,TXL
489,TXL
490,TXL
491,TXL
492,TXL
493,TXL
494,TXL
495,TXL
496,TXL
497,TXL
498,TXL
499,TXL
500,TXL
501,TXL
502,TXL
503,TXL
504,TXL
505,TXL
506,TXL
507,TXL
508,TXL
509,TXL
510,TXL
511,VCE
512,VCE
513,VIE
514,VIE
515,VIE
516,VIE
517,VIE
518,VIE
519,VIE
520,VIE
521,VIE
522,VIE
523,VIE
524,VIE
525,VIE
526,VIE
527,VIE
528,VIE
529,VIE
530,VIE
531,VIE
532,VIE
533,VIE
534,WAW
535,AMS
536,ATL
537,CPH
538,CPH
539,CPH
540,DEN
541,FRA
542,FRA
543,GDN
544,LCA
545,MUC
546,VNO
547,VNO
548,WAW
549,ABZ
550,AGP
551,AMS
552,AMS
553,AMS
554,AMS
555,ARN
556,ATL
557,ATL
558,ATL
559,ATL
560,ATL
561,ATL
562,ATL
563,ATL
564,ATL
565,ATL
566,ATL
567,ATL
568,ATL
569,ATL
570,ATL
571,ATL
572,ATL
573,ATL
574,ATL
575,BCN
576,BCN
577,BLL
578,BRU
579,BRU
580,BRU
581,BUD
582,CDG
583,CDG
584,CDG
585,CDG
586,CDG
587,CDG
588,CDG
589,CDG
590,CDG
591,CDG
592,CDG
593,CDG
594,CDG
595,CDG
596,CDG
597,CDG
598,CDG
599,CDG
600,CDG
601,CDG
602,CDG
603,CDG
604,CDG
605,CDG
606,CDG
607,CDG
608,CDG
609,CDG
610,CDG
611,CDG
612,CDG
613,CDG
614,CDG
615,CDG
616,CDG
617,CDG
618,CDG
619,CDG
620,CDG
621,CDG
622,CDG
623,CDG
624,CDG
625,CPH
626,CWL
627,CWL
628,CWL
629,DEN
630,DFW
631,DUB
632,DUB
633,DUB
634,DUS
635,DUS
636,EDI
637,EDI
638,FCO
639,FCO
640,FCO
641,FCO
642,FCO
643,FRA
644,FRA
645,FRA
646,GLA
647,GOT
648,GOT
649,HAM
650,HAM
651,HEL
652,JFK
653,JFK
654,JFK
655,JFK
656,JFK
657,JFK
658,JFK
659,JFK
660,JFK
661,LAS
662,LAX
663,LAX
664,LCA
665,LHR
666,LHR
667,LHR
668,LHR
669,LIS
670,LJU
671,LUX
672,LYS
673,LYS
674,LYS
675,LYS
676,LYS
677,LYS
678,LYS
679,LYS
680,LYS
681,LYS
682,LYS
683,LYS
684,LYS
685,MAD
686,MAD
687,MAD
688,MAD
689,MAN
690,MAN
691,MCO
692,MLA
693,MLA
694,MLA
695,MLA
696,MUC
697,MUC
698,MXP
699,NCE
700,NCE
701,NCE
702,NCE
703,NCE
704,NCE
705,NCE
706,ORD
707,ORD
708,ORY
709,ORY
710,ORY
711,ORY
712,ORY
713,ORY
714,ORY
715,OTP
716,PMI
717,PRG
718,PRG
719,RIX
720,SEA
721,SEA
722,SEA
723,SFO
724,SFO
725,SOF
726,TLS
727,TLS
728,TLS
729,TLS
730,TLS
731,TLS
732,TLS
733,TLS
734,TXL
735,VCE
736,VCE
737,VCE
738,VCE
739,VIE
740,VIE
741,WAW
742,ZAG
743,JFK
744,LHR
745,ATL
746,ATL
747,ATL
748,ATL
749,ATL
750,ATL
751,ATL
752,BRU
753,CDG
754,CDG
755,CDG
756,DEN
757,FCO
758,JFK
759,MAD
760,MAD
761,MCO
762,SEA
763,SFO
764,AMS
765,CDG
766,CPH
767,CTA
768,CTA
769,CTA
770,CTA
771,CTA
772,CTA
773,CTA
774,CTA
775,CTA
776,DUS
777,LGW
778,LYS
779,MXP
780,PRG
781,TXL
782,VCE
783,VCE
784,VCE
785,VIE
786,ATL
787,ATL
788,DEN
789,DEN
790,DFW
791,DFW
792,DFW
793,JFK
794,JFK
795,JFK
796,LAS
797,LAX
798,LAX
799,LAX
800,LAX
801,LAX
802,LAX
803,LAX
804,LAX
805,MCO
806,MCO
807,ORD
808,ORD
809,ORD
810,SEA
811,SEA
812,SEA
813,SEA
814,SEA
815,SEA
816,SEA
817,SEA
818,SEA
819,SFO
820,SFO
821,SFO
822,SFO
823,SFO
824,TXL
825,AGP
826,AMS
827,AMS
828,AMS
829,ARN
830,ARN
831,ARN
832,ARN
833,ATL
834,BCN
835,BCN
836,BMA
837,BMA
838,BMA
839,BRU
840,BRU
841,BUD
842,CDG
843,CDG
844,CDG
845,CDG
846,CPH
847,CPH
848,CPH
849,CPH
850,CTA
851,CTA
852,CTA
853,DBV
854,DEN
855,DFW
856,DFW
857,DFW
858,DFW
859,DUB
860,DUB
861,DUS
862,DUS
863,DUS
864,DUS
865,DUS
866,FCO
867,FCO
868,FCO
869,FRA
870,FRA
871,FRA
872,GOT
873,GOT
874,GOT
875,HAM
876,HAM
877,HEL
878,HEL
879,HEL
880,HEL
881,HEL
882,HEL
883,HEL
884,HEL
885,HEL
886,HEL
887,HEL
888,HEL
889,HEL
890,HEL
891,HEL
892,HEL
893,HEL
894,HEL
895,HEL
896,HEL
897,HEL
898,HEL
899,HEL
900,HEL
901,HEL
902,HEL
903,HEL
904,HEL
905,HEL
906,HEL
907,HEL
908,HEL
909,HEL
910,JFK
911,JFK
912,JFK
913,JFK
914,JFK
915,JFK
916,JFK
917,JFK
918,JFK
919,KRK
920,LAS
921,LAS
922,LAX
923,LAX
924,LGW
925,LGW
926,LHR
927,LHR
928,LHR
929,LHR
930,LHR
931,LHR
932,LHR
933,LHR
934,LHR
935,LHR
936,LHR
937,LHR
938,LIS
939,LIS
940,LIS
941,LIS
942,LJU
943,MAD
944,MAD
945,MAD
946,MAD
947,MAD
948,MAD
949,MAN
950,MAN
951,MAN
952,MCO
953,MMX
954,MUC
955,MUC
956,MXP
957,MXP
958,NCE
959,ORD
960,ORD
961,ORD
962,ORD
963,ORD
964,ORD
965,ORD
966,OTP
967,OUL
968,PRG
969,RIX
970,SEA
971,SFO
972,SOF
973,SZG
974,SZG
975,SZG
976,TLL
977,TXL
978,TXL
979,TXL
980,TXL
981,TXL
982,TXL
983,TXL
984,TXL
985,VIE
986,VIE
987,VIE
988,VNO
989,WAW
990,AAL
991,ABZ
992,AGP
993,AMS
994,AMS
995,AMS
996,AMS
997,AMS
998,AMS
999,AMS
1000,AMS
1001,AMS
1002,AMS
1003,AMS
1004,AMS
1005,AMS
1006,ARN
1007,ARN
1008,ATL
1009,ATL
1010,ATL
1011,ATL
1012,ATL
1013,ATL
1014,ATL
1015,ATL
1016,ATL
1017,ATL
1018,BCN
1019,BCN
1020,BLL
1021,BLL
1022,BRU
1023,BUD
1024,CDG
1025,CDG
1026,CDG
1027,CDG
1028,CDG
1029,CDG
1030,CDG
1031,CDG
1032,CDG
1033,CDG
1034,CDG
1035,CDG
1036,CDG
1037,CDG
1038,CDG
1039,CDG
1040,CDG
1041,CDG
1042,CDG
1043,CDG
1044,CDG
1045,CDG
1046,CLJ
1047,CPH
1048,CPH
1049,CPH
1050,CPH
1051,CTA
1052,CTA
1053,CTA
1054,CTA
1055,CTA
1056,CTA
1057,CTA
1058,CTA
1059,CTA
1060,CTA
1061,CWL
1062,DEN
1063,DFW
1064,DUB
1065,DUS
1066,DUS
1067,DUS
1068,EDI
1069,FCO
1070,FCO
1071,FCO
1072,FCO
1073,FCO
1074,FCO
1075,FCO
1076,FCO
1077,FCO
1078,FCO
1079,FCO
1080,FCO
1081,FCO
1082,FCO
1083,FCO
1084,FCO
1085,FCO
1086,FCO
1087,FCO
1088,FCO
1089,FCO
1090,FCO
1091,FCO
1092,FCO
1093,FCO
1094,FCO
1095,FCO
1096,FCO
1097,FCO
1098,FCO
1099,FCO
1100,FCO
1101,FRA
1102,GLA
1103,GOT
1104,HAM
1105,HAM
1106,HEL
1107,IAS
1108,IAS
1109,JFK
1110,JFK
1111,JFK
1112,JFK
1113,JFK
1114,LAS
1115,LAX
1116,LAX
1117,LGW
1118,LHR
1119,LIS
1120,LIS
1121,LIS
1122,LIS
1123,LUX
1124,LUX
1125,LYS
1126,LYS
1127,LYS
1128,LYS
1129,MAD
1130,MAD
1131,MAN
1132,MCO
1133,MLA
1134,MUC
1135,MXP
1136,MXP
1137,MXP
1138,MXP
1139,MXP
1140,MXP
1141,MXP
1142,MXP
1143,MXP
1144,NCE
1145,NCE
1146,OPO
1147,OPO
1148,ORD
1149,ORD
1150,OTP
1151,OTP
1152,OTP
1153,OTP
1154,PMI
1155,PMI
1156,PRG
1157,PRG
1158,PRG
1159,RIX
1160,RIX
1161,RIX
1162,SEA
1163,SEA
1164,SFO
1165,SFO
1166,SOF
1167,SOF
1168,TLS
1169,TLS
1170,TLS
1171,TLS
1172,TSR
1173,TXL
1174,TXL
1175,TXL
1176,VCE
1177,VCE
1178,VCE
1179,VCE
1180,VCE
1181,VCE
1182,VCE
1183,VCE
1184,VCE
1185,VCE
1186,VCE
1187,VIE
1188,VIE
1189,WAW
1190,DEN
1191,JFK
1192,JFK
1193,JFK
1194,JFK
1195,JFK
1196,JFK
1197,JFK
1198,JFK
1199,LAS
1200,LAX
1201,MCO
1202,MXP
1203,ORD
1204,SEA
1205,SFO
1206,ABZ
1207,AGP
1208,AGP
1209,ALC
1210,AMS
1211,AMS
1212,ARN
1213,ATL
1214,ATL
1215,ATL
1216,BCN
1217,BCN
1218,BCN
1219,BHD
1220,BLL
1221,BLL
1222,BLL
1223,BLL
1224,BRU
1225,BRU
1226,BUD
1227,CDG
1228,CDG
1229,CDG
1230,CDG
1231,CPH
1232,CTA
1233,DBV
1234,DEN
1235,DFW
1236,DFW
1237,DFW
1238,DFW
1239,DFW
1240,DUB
1241,DUB
1242,DUB
1243,DUS
1244,DUS
1245,DUS
1246,EDI
1247,EDI
1248,FAO
1249,FAO
1250,FCO
1251,FCO
1252,FCO
1253,FCO
1254,FRA
1255,FRA
1256,FRA
1257,GLA
1258,GLA
1259,GOT
1260,GOT
1261,HAM
1262,HEL
1263,HEL
1264,HEL
1265,HEL
1266,HEL
1267,JFK
1268,JFK
1269,JFK
1270,JFK
1271,JFK
1272,JFK
1273,JFK
1274,JFK
1275,JFK
1276,JFK
1277,LAS
1278,LAS
1279,LAX
1280,LAX
1281,LCA
1282,LCA
1283,LGW
1284,LGW
1285,LGW
1286,LGW
1287,LGW
1288,LGW
1289,LGW
1290,LGW
1291,LGW
1292,LGW
1293,LGW
1294,LGW
1295,LGW
1296,LGW
1297,LGW
1298,LGW
1299,LGW
1300,LGW
1301,LHR
1302,LHR
1303,LHR
1304,LHR
1305,LHR
1306,LHR
1307,LHR
1308,LHR
1309,LHR
1310,LHR
1311,LHR
1312,LHR
1313,LHR
1314,LHR
1315,LHR
1316,LHR
1317,LHR
1318,LHR
1319,LHR
1320,LHR
1321,LHR
1322,LHR
1323,LHR
1324,LHR
1325,LHR
1326,LHR
1327,LHR
1328,LHR
1329,LHR
1330,LHR
1331,LHR
1332,LHR
1333,LHR
1334,LHR
1335,LHR
1336,LHR
1337,LHR
1338,LHR
1339,LHR
1340,LHR
1341,LHR
1342,LHR
1343,LHR
1344,LHR
1345,LHR
1346,LHR
1347,LHR
1348,LHR
1349,LHR
1350,LHR
1351,LHR
1352,LIS
1353,LUX
1354,LYS
1355,MAD
1356,MAD
1357,MAD
1358,MAD
1359,MAD
1360,MAN
1361,MAN
1362,MAN
1363,MAN
1364,MAN
1365,MAN
1366,MCO
1367,MLA
1368,MUC
1369,MUC
1370,MXP
1371,MXP
1372,NCE
1373,NCE
1374,OPO
1375,ORD
1376,ORD
1377,ORD
1378,ORD
1379,ORD
1380,ORD
1381,ORD
1382,ORD
1383,ORY
1384,ORY
1385,OTP
1386,PFO
1387,PMI
1388,PRG
1389,RTM
1390,SEA
1391,SFO
1392,SOF
1393,SZG
1394,TLS
1395,TXL
1396,VCE
1397,VCE
1398,VIE
1399,VNO
1400,WAW
1401,WAW
1402,ZAG
1403,ABZ
1404,ABZ
1405,ABZ
1406,BHD
1407,BHD
1408,BHD
1409,BHD
1410,BHD
1411,CDG
1412,CDG
1413,CDG
1414,CWL
1415,DUS
1416,EDI
1417,EDI
1418,EDI
1419,GLA
1420,GLA
1421,MAN
1422,MAN
1423,MAN
1424,MAN
1425,MAN
1426,MAN
1427,MAN
1428,MXP
1429,FCO
1430,FRA
1431,ARN
1432,ABZ
1433,MAN
1434,ABZ
1435,AMS
1436,ARN
1437,BCN
1438,BLL
1439,BRU
1440,BRU
1441,BUD
1442,CDG
1443,CPH
1444,DUS
1445,FCO
1446,FRA
1447,GOT
1448,HAM
1449,HEL
1450,LCA
1451,LGW
1452,MLA
1453,MUC
1454,MXP
1455,NCE
1456,PRG
1457,RIX
1458,RIX
1459,RIX
1460,RIX
1461,RIX
1462,RIX
1463,RIX
1464,RIX
1465,RIX
1466,RIX
1467,RIX
1468,RIX
1469,RIX
1470,RIX
1471,RIX
1472,RIX
1473,RIX
1474,RIX
1475,RIX
1476,RIX
1477,RIX
1478,RIX
1479,RIX
1480,RIX
1481,RIX
1482,RIX
1483,RIX
1484,RIX
1485,TLL
1486,TXL
1487,VCE
1488,VIE
1489,VNO
1490,VNO
1491,WAW
1492,CTA
1493,FCO
1494,FCO
1495,MXP
1496,ARN
1497,ARN
1498,BCN
1499,CPH
1500,FRA
1501,GOT
1502,HEL
1503,VIE
1504,AMS
1505,AMS
1506,ATL
1507,ATL
1508,ATL
1509,LAX
1510,LHR
1511,SFO
1512,ATL
1513,ORD
1514,AMS
1515,CDG
1516,FRA
1517,LCA
1518,LCA
1519,LCA
1520,LCA
1521,LCA
1522,LCA
1523,LCA
1524,LHR
1525,MUC
1526,MUC
1527,OTP
1528,SOF
1529,DUS
1530,DUS
1531,DUS
1532,FNC
1533,FNC
1534,FNC
1535,FNC
1536,FRA
1537,FRA
1538,FRA
1539,FRA
1540,FRA
1541,FRA
1542,GLA
1543,HAM
1544,HAM
1545,LAS
1546,LAS
1547,LCA
1548,MAN
1549,MAN
1550,MAN
1551,MCO
1552,MCO
1553,MUC
1554,MUC
1555,PMI
1556,PMI
1557,PMI
1558,PMI
1559,PMI
1560,SEA
1561,SPU
1562,AMS
1563,AMS
1564,AMS
1565,AMS
1566,AMS
1567,AMS
1568,AMS
1569,ATL
1570,ATL
1571,ATL
1572,ATL
1573,ATL
1574,ATL
1575,ATL
1576,ATL
1577,ATL
1578,ATL
1579,ATL
1580,ATL
1581,ATL
1582,ATL
1583,ATL
1584,ATL
1585,ATL
1586,ATL
1587,ATL
1588,ATL
1589,BCN
1590,BRU
1591,BRU
1592,BTS
1593,CDG
1594,CDG
1595,CDG
1596,CDG
1597,CDG
1598,CDG
1599,CDG
1600,CDG
1601,DEN
1602,DEN
1603,DFW
1604,DFW
1605,DFW
1606,DUB
1607,DUB
1608,DUS
1609,FCO
1610,FCO
1611,FCO
1612,FCO
1613,FRA
1614,FRA
1615,GLA
1616,HAM
1617,JFK
1618,JFK
1619,JFK
1620,JFK
1621,JFK
1622,JFK
1623,JFK
1624,JFK
1625,JFK
1626,JFK
1627,JFK
1628,JFK
1629,JFK
1630,JFK
1631,JFK
1632,JFK
1633,JFK
1634,JFK
1635,JFK
1636,JFK
1637,JFK
1638,LAS
1639,LAS
1640,LAS
1641,LAS
1642,LAS
1643,LAS
1644,LAS
1645,LAX
1646,LAX
1647,LAX
1648,LAX
1649,LAX
1650,LAX
1651,LAX
1652,LAX
1653,LAX
1654,LAX
1655,LGW
1656,LGW
1657,LHR
1658,LHR
1659,LHR
1660,LHR
1661,LHR
1662,LHR
1663,MAD
1664,MAD
1665,MAN
1666,MAN
1667,MAN
1668,MCO
1669,MCO
1670,MCO
1671,MCO
1672,MCO
1673,MCO
1674,MCO
1675,MUC
1676,MXP
1677,NCE
1678,ORD
1679,ORD
1680,ORD
1681,ORD
1682,ORD
1683,ORD
1684,SEA
1685,SEA
1686,SEA
1687,SEA
1688,SEA
1689,SEA
1690,SEA
1691,SEA
1692,SFO
1693,SFO
1694,SFO
1695,SFO
1696,SFO
1697,SFO
1698,SFO
1699,VCE
1700,AAL
1701,BLL
1702,AAL
1703,AAL
1704,AAL
1705,AAL
1706,AAL
1707,AGP
1708,AGP
1709,AGP
1710,AGP
1711,AGP
1712,AGP
1713,AGP
1714,AGP
1715,AGP
1716,ALC
1717,ALC
1718,ALC
1719,ALC
1720,ALC
1721,ALC
1722,ALC
1723,ALC
1724,ALC
1725,ALC
1726,AMS
1727,AMS
1728,ARN
1729,ARN
1730,ARN
1731,ARN
1732,ARN
1733,ARN
1734,ARN
1735,ARN
1736,ARN
1737,ARN
1738,ARN
1739,ARN
1740,ARN
1741,ARN
1742,ARN
1743,ARN
1744,ARN
1745,ARN
1746,ARN
1747,ARN
1748,ARN
1749,ARN
1750,ARN
1751,ARN
1752,ARN
1753,ARN
1754,ARN
1755,ARN
1756,ARN
1757,BCN
1758,BCN
1759,BCN
1760,BCN
1761,BCN
1762,BCN
1763,BCN
1764,BLL
1765,BOJ
1766,BOJ
1767,BUD
1768,BUD
1769,BUD
1770,BUD
1771,CPH
1772,CPH
1773,CPH
1774,CPH
1775,CPH
1776,CPH
1777,CPH
1778,CPH
1779,CPH
1780,CPH
1781,CPH
1782,CPH
1783,CPH
1784,CPH
1785,CPH
1786,CPH
1787,CPH
1788,CPH
1789,CPH
1790,CPH
1791,CPH
1792,CPH
1793,CPH
1794,CPH
1795,CPH
1796,CPH
1797,CPH
1798,CPH
1799,CPH
1800,CTA
1801,CTA
1802,CTA
1803,DBV
1804,DBV
1805,DBV
1806,DUB
1807,DUB
1808,EDI
1809,EDI
1810,FAO
1811,FAO
1812,FAO
1813,FCO
1814,FCO
1815,FCO
1816,FCO
1817,FCO
1818,GOT
1819,GOT
1820,GOT
1821,GOT
1822,GOT
1823,GOT
1824,GOT
1825,HAM
1826,HAM
1827,HAM
1828,HEL
1829,HEL
1830,HEL
1831,HEL
1832,HEL
1833,HEL
1834,HEL
1835,HEL
1836,HEL
1837,HEL
1838,HEL
1839,HEL
1840,HEL
1841,HEL
1842,HEL
1843,HEL
1844,HEL
1845,JFK
1846,JFK
1847,KRK
1848,KRK
1849,LAX
1850,LAX
1851,LCA
1852,LCA
1853,LGW
1854,LGW
1855,LGW
1856,LGW
1857,LGW
1858,LGW
1859,LGW
1860,LGW
1861,LGW
1862,LGW
1863,LGW
1864,LGW
1865,LGW
1866,LGW
1867,LGW
1868,LGW
1869,LGW
1870,LIS
1871,MAD
1872,MAN
1873,MLA
1874,MMX
1875,MUC
1876,MUC
1877,MUC
1878,NCE
1879,NCE
1880,NCE
1881,NCE
1882,NCE
1883,ORY
1884,ORY
1885,ORY
1886,OUL
1887,OUL
1888,PMI
1889,PMI
1890,PMI
1891,PMI
1892,PMI
1893,PRG
1894,PRG
1895,PRG
1896,RIX
1897,RIX
1898,SPU
1899,SPU
1900,SPU
1901,SPU
1902,VCE
1903,VCE
1904,VNO
1905,WAW
1906,WAW
1907,ZAG
1908,MAD
1909,ABZ
1910,AGP
1911,AGP
1912,AGP
1913,AGP
1914,ALC
1915,ALC
1916,AMS
1917,AMS
1918,ARN
1919,ATL
1920,BCN
1921,BCN
1922,BHD
1923,BHD
1924,BHD
1925,BHD
1926,BHD
1927,BOJ
1928,BRU
1929,BRU
1930,BUD
1931,CDG
1932,CDG
1933,CPH
1934,CTA
1935,CWL
1936,DBV
1937,DUB
1938,DUB
1939,DUB
1940,DUB
1941,DUB
1942,DUB
1943,DUB
1944,DUB
1945,DUB
1946,DUB
1947,DUB
1948,DUB
1949,DUB
1950,DUB
1951,DUB
1952,DUB
1953,DUB
1954,DUB
1955,DUB
1956,DUB
1957,DUB
1958,DUB
1959,DUB
1960,DUB
1961,DUB
1962,DUB
1963,DUB
1964,DUB
1965,DUB
1966,DUB
1967,DUB
1968,DUB
1969,DUB
1970,DUB
1971,DUB
1972,DUB
1973,DUB
1974,DUB
1975,DUB
1976,DUB
1977,DUS
1978,EDI
1979,EDI
1980,EDI
1981,FAO
1982,FAO
1983,FAO
1984,FAO
1985,FCO
1986,FRA
1987,GLA
1988,GLA
1989,HAM
1990,JFK
1991,JFK
1992,LGW
1993,LGW
1994,LHR
1995,LHR
1996,LHR
1997,LHR
1998,LIS
1999,LIS
2000,LYS
2001,MAD
2002,MAN
2003,MAN
2004,MAN
2005,MCO
2006,MUC
2007,MUC
2008,MXP
2009,NCE
2010,NCE
2011,ORD
2012,ORD
2013,ORK
2014,ORK
2015,ORK
2016,ORK
2017,ORK
2018,ORK
2019,ORK
2020,ORK
2021,ORK
2022,ORK
2023,ORK
2024,ORK
2025,ORK
2026,ORK
2027,ORK
2028,PMI
2029,PMI
2030,PMI
2031,PRG
2032,SFO
2033,SNN
2034,SNN
2035,SNN
2036,SNN
2037,SNN
2038,SNN
2039,TLS
2040,VCE
2041,VIE
2042,WAW
2043,JFK
2044,LCA
2045,MLA
2046,MXP
2047,MUC
2048,VCE
2049,AMS
2050,ARN
2051,ARN
2052,ARN
2053,BCN
2054,BRU
2055,BRU
2056,BUD
2057,CDG
2058,CPH
2059,CPH
2060,DUS
2061,FCO
2062,FRA
2063,FRA
2064,FRA
2065,FRA
2066,FRA
2067,FRA
2068,FRA
2069,FRA
2070,FRA
2071,FRA
2072,FRA
2073,FRA
2074,FRA
2075,FRA
2076,FRA
2077,FRA
2078,FRA
2079,FRA
2080,FRA
2081,FRA
2082,FRA
2083,GOT
2084,HEL
2085,HEL
2086,JFK
2087,LIS
2088,LYS
2089,MAD
2090,MUC
2091,MXP
2092,MXP
2093,OTP
2094,PRG
2095,SOF
2096,TLS
2097,TXL
2098,VIE
2099,WAW
2100,HAM
2101,AMS
2102,AMS
2103,ATL
2104,BUD
2105,CDG
2106,CDG
2107,FCO
2108,FCO
2109,FCO
2110,JFK
2111,JFK
2112,LAS
2113,LIS
2114,LIS
2115,OPO
2116,ORD
2117,OTP
2118,ATL
2119,DEN
2120,DEN
2121,DEN
2122,DEN
2123,DEN
2124,DEN
2125,DEN
2126,DFW
2127,LAS
2128,LAX
2129,MCO
2130,SEA
2131,SFO
2132,AGP
2133,AMS
2134,BCN
2135,BOJ
2136,BOJ
2137,BRU
2138,CDG
2139,FCO
2140,FRA
2141,LCA
2142,LHR
2143,MAD
2144,MXP
2145,OTP
2146,PFO
2147,PMI
2148,PRG
2149,SOF
2150,SOF
2151,SOF
2152,SOF
2153,SOF
2154,SOF
2155,SOF
2156,SOF
2157,SOF
2158,SOF
2159,SOF
2160,SOF
2161,SOF
2162,SOF
2163,SOF
2164,SOF
2165,SOF
2166,SOF
2167,SOF
2168,SOF
2169,TXL
2170,VAR
2171,VAR
2172,VIE
2173,WAW
2174,ATL
2175,ATL
2176,ATL
2177,ATL
2178,ATL
2179,DEN
2180,DEN
2181,DEN
2182,DEN
2183,LAS
2184,LAS
2185,LAS
2186,LAS
2187,LAX
2188,LAX
2189,LAX
2190,MCO
2191,MCO
2192,SEA
2193,SEA
2194,SFO
2195,SFO
2196,AGP
2197,AGP
2198,AGP
2199,AGP
2200,AGP
2201,AGP
2202,AGP
2203,AGP
2204,AGP
2205,AGP
2206,AGP
2207,AGP
2208,AGP
2209,AGP
2210,AGP
2211,AGP
2212,AGP
2213,AGP
2214,ALC
2215,ALC
2216,ALC
2217,ALC
2218,ALC
2219,ALC
2220,ALC
2221,ALC
2222,ALC
2223,ALC
2224,ALC
2225,ALC
2226,ALC
2227,ALC
2228,ALC
2229,BCN
2230,BCN
2231,BCN
2232,BCN
2233,BCN
2234,BCN
2235,BCN
2236,BCN
2237,BCN
2238,BCN
2239,BCN
2240,BCN
2241,BCN
2242,BCN
2243,BGY
2244,BGY
2245,BGY
2246,BGY
2247,BGY
2248,BGY
2249,BGY
2250,BGY
2251,BGY
2252,BGY
2253,BGY
2254,BGY
2255,BGY
2256,BGY
2257,BGY
2258,BGY
2259,BGY
2260,BGY
2261,BGY
2262,BGY
2263,BGY
2264,BGY
2265,BLL
2266,BLL
2267,BLL
2268,BLL
2269,BLL
2270,BLL
2271,BLL
2272,BLL
2273,BRQ
2274,BRU
2275,BRU
2276,BRU
2277,BRU
2278,BRU
2279,BRU
2280,BRU
2281,BTS
2282,BTS
2283,BTS
2284,BTS
2285,BTS
2286,BTS
2287,BTS
2288,BTS
2289,BUD
2290,BUD
2291,BUD
2292,BUD
2293,BUD
2294,BUD
2295,BUD
2296,BUD
2297,CRL
2298,CRL
2299,CRL
2300,CRL
2301,CRL
2302,CRL
2303,CRL
2304,CRL
2305,CRL
2306,CRL
2307,CRL
2308,CRL
2309,CRL
2310,CRL
2311,CRL
2312,CRL
2313,CRL
2314,CTA
2315,CTA
2316,CTA
2317,CTA
2318,DUB
2319,DUB
2320,DUB
2321,DUB
2322,DUB
2323,DUB
2324,DUB
2325,DUB
2326,DUB
2327,DUB
2328,DUB
2329,DUB
2330,DUB
2331,DUB
2332,DUB
2333,DUB
2334,DUB
2335,DUB
2336,DUB
2337,DUB
2338,DUB
2339,DUB
2340,DUB
2341,DUB
2342,DUB
2343,DUB
2344,DUB
2345,DUB
2346,DUB
2347,EDI
2348,EDI
2349,EDI
2350,EDI
2351,EDI
2352,EDI
2353,EDI
2354,EDI
2355,EDI
2356,EDI
2357,EDI
2358,EDI
2359,EIN
2360,EIN
2361,EIN
2362,EIN
2363,EIN
2364,EIN
2365,EIN
2366,EIN
2367,EIN
2368,EIN
2369,EIN
2370,FAO
2371,FAO
2372,FAO
2373,FAO
2374,FAO
2375,FAO
2376,FAO
2377,FAO
2378,FAO
2379,FAO
2380,FAO
2381,FCO
2382,FCO
2383,FCO
2384,GDN
2385,GDN
2386,GDN
2387,GDN
2388,GDN
2389,KRK
2390,KRK
2391,KRK
2392,KRK
2393,KRK
2394,KRK
2395,KRK
2396,KRK
2397,KRK
2398,KRK
2399,KRK
2400,KRK
2401,KRK
2402,KRK
2403,KTW
2404,KTW
2405,KTW
2406,KUN
2407,KUN
2408,KUN
2409,KUN
2410,KUN
2411,KUN
2412,KUN
2413,KUN
2414,KUN
2415,LGW
2416,LGW
2417,LGW
2418,LGW
2419,LIS
2420,LIS
2421,LIS
2422,LIS
2423,LIS
2424,LIS
2425,LTN
2426,LTN
2427,LTN
2428,LTN
2429,MAD
2430,MAD
2431,MAD
2432,MAD
2433,MAD
2434,MAD
2435,MAD
2436,MAD
2437,MAD
2438,MAD
2439,MAD
2440,MAN
2441,MAN
2442,MAN
2443,MAN
2444,MAN
2445,MAN
2446,MAN
2447,MAN
2448,MAN
2449,MAN
2450,MAN
2451,MAN
2452,MAN
2453,MAN
2454,MAN
2455,MAN
2456,MLA
2457,MLA
2458,MLA
2459,MLA
2460,MLA
2461,MLA
2462,MLA
2463,MLA
2464,MLA
2465,MLA
2466,MLA
2467,MLA
2468,MMX
2469,MMX
2470,NCE
2471,NCE
2472,NYO
2473,NYO
2474,NYO
2475,NYO
2476,NYO
2477,NYO
2478,NYO
2479,NYO
2480,NYO
2481,NYO
2482,OPO
2483,OPO
2484,OPO
2485,OPO
2486,OPO
2487,OPO
2488,OPO
2489,OPO
2490,OPO
2491,OPO
2492,OPO
2493,ORK
2494,ORK
2495,ORK
2496,ORK
2497,ORK
2498,ORK
2499,ORK
2500,ORK
2501,OTP
2502,OTP
2503,PFO
2504,PFO
2505,PFO
2506,PFO
2507,PFO
2508,PFO
2509,PMI
2510,PMI
2511,PMI
2512,PMI
2513,PMI
2514,PMI
2515,PMI
2516,PMI
2517,PMI
2518,PMI
2519,PMI
2520,PMI
2521,PMI
2522,PMI
2523,PMI
2524,PMI
2525,PMI
2526,PMI
2527,PRG
2528,PRG
2529,RIX
2530,RIX
2531,RIX
2532,RIX
2533,SNN
2534,SNN
2535,SNN
2536,SNN
2537,SNN
2538,SNN
2539,SNN
2540,SNN
2541,SNN
2542,STN
2543,STN
2544,STN
2545,STN
2546,STN
2547,STN
2548,STN
2549,STN
2550,STN
2551,STN
2552,STN
2553,STN
2554,STN
2555,STN
2556,STN
2557,STN
2558,STN
2559,STN
2560,STN
2561,STN
2562,STN
2563,STN
2564,STN
2565,STN
2566,STN
2567,STN
2568,STN
2569,STN
2570,STN
2571,STN
2572,STN
2573,STN
2574,SZG
2575,TLL
2576,TLL
2577,TLL
2578,VNO
2579,VNO
2580,VNO
2581,VNO
2582,VNO
2583,VNO
2584,WRO
2585,WRO
2586,WRO
2587,WRO
2588,WRO
2589,WRO
2590,WRO
2591,WRO
2592,LHR
2593,JFK
2594,LAS
2595,LAS
2596,SFO
2597,AGP
2598,ARN
2599,BCN
2600,CDG
2601,CPH
2602,FCO
2603,FNC
2604,FRA
2605,GRZ
2606,INN
2607,LCA
2608,MAD
2609,MLA
2610,MUC
2611,MXP
2612,NCE
2613,PMI
2614,PMI
2615,PMI
2616,PMI
2617,SZG
2618,SZG
2619,VIE
2620,VIE
2621,VIE
2622,VIE
2623,VIE
2624,VIE
2625,VIE
2626,VIE
2627,VIE
2628,VIE
2629,VIE
2630,VIE
2631,VIE
2632,VIE
2633,VIE
2634,VIE
2635,DUS
2636,PMI
2637,AGP
2638,BOJ
2639,BRU
2640,BRU
2641,BRU
2642,BRU
2643,BRU
2644,BRU
2645,DBV
2646,FAO
2647,FNC
2648,LGG
2649,PFO
2650,PMI
2651,PMI
2652,VAR
2653,DUS
2654,LUX
2655,ARN
2656,BCN
2657,BRU
2658,BRU
2659,BRU
2660,BRU
2661,BRU
2662,BRU
2663,CPH
2664,CPH
2665,DUS
2666,FCO
2667,FRA
2668,GOT
2669,MAD
2670,MUC
2671,MXP
2672,TXL
2673,TXL
2674,TXL
2675,TXL
2676,TXL
2677,TXL
2678,TXL
2679,TXL
2680,VIE
2681,AGP
2682,AGP
2683,AGP
2684,ALC
2685,ALC
2686,ALC
2687,AMS
2688,AMS
2689,AMS
2690,AMS
2691,AMS
2692,AMS
2693,AMS
2694,AMS
2695,AMS
2696,AMS
2697,AMS
2698,AMS
2699,AMS
2700,AMS
2701,BCN
2702,BCN
2703,BCN
2704,BUD
2705,CPH
2706,CTA
2707,EIN
2708,EIN
2709,EIN
2710,EIN
2711,EIN
2712,EIN
2713,EIN
2714,EIN
2715,EIN
2716,EIN
2717,EIN
2718,EIN
2719,EIN
2720,FAO
2721,FAO
2722,FAO
2723,FCO
2724,FNC
2725,INN
2726,INN
2727,LIS
2728,LIS
2729,MAD
2730,MAD
2731,MLA
2732,NCE
2733,NCE
2734,NCE
2735,OPO
2736,PFO
2737,PMI
2738,PMI
2739,PMI
2740,PRG
2741,RTM
2742,RTM
2743,RTM
2744,RTM
2745,RTM
2746,RTM
2747,RTM
2748,RTM
2749,RTM
2750,RTM
2751,RTM
2752,RTM
2753,RTM
2754,SPU
2755,TXL
2756,VCE
2757,VCE
2758,VIE
2759,JFK
2760,RIX
2761,AAL
2762,ABZ
2763,AGP
2764,AGP
2765,AGP
2766,AGP
2767,AGP
2768,AGP
2769,AGP
2770,AGP
2771,AGP
2772,AGP
2773,AGP
2774,AGP
2775,AGP
2776,AGP
2777,ALC
2778,ALC
2779,ALC
2780,ALC
2781,ALC
2782,ALC
2783,ALC
2784,ALC
2785,ALC
2786,ALC
2787,AMS
2788,AMS
2789,AMS
2790,AMS
2791,ARN
2792,ARN
2793,ARN
2794,ATL
2795,ATL
2796,BCN
2797,BCN
2798,BCN
2799,BCN
2800,BCN
2801,BCN
2802,BCN
2803,BCN
2804,BCN
2805,BCN
2806,BCN
2807,BCN
2808,BCN
2809,BCN
2810,BCN
2811,BCN
2812,BCN
2813,BCN
2814,BCN
2815,BCN
2816,BCN
2817,BCN
2818,BCN
2819,BCN
2820,BCN
2821,BCN
2822,BCN
2823,BCN
2824,BCN
2825,BCN
2826,BCN
2827,BCN
2828,BCN
2829,BCN
2830,BCN
2831,BCN
2832,BCN
2833,BCN
2834,BCN
2835,BCN
2836,BHD
2837,BRU
2838,BRU
2839,BRU
2840,BRU
2841,BRU
2842,BRU
2843,BRU
2844,BRU
2845,BRU
2846,BUD
2847,CDG
2848,CDG
2849,CDG
2850,CDG
2851,CPH
2852,CPH
2853,CPH
2854,CPH
2855,CTA
2856,CTA
2857,CWL
2858,CWL
2859,CWL
2860,DBV
2861,DEN
2862,DFW
2863,DFW
2864,DFW
2865,DFW
2866,DUB
2867,DUB
2868,DUS
2869,DUS
2870,DUS
2871,EDI
2872,EDI
2873,FCO
2874,FCO
2875,FCO
2876,FCO
2877,FCO
2878,FCO
2879,FCO
2880,FCO
2881,FCO
2882,FCO
2883,FRA
2884,FRA
2885,FRA
2886,GLA
2887,GOT
2888,GOT
2889,HAM
2890,HAM
2891,HEL
2892,HEL
2893,HEL
2894,JFK
2895,JFK
2896,JFK
2897,JFK
2898,JFK
2899,JFK
2900,JFK
2901,JFK
2902,JFK
2903,LAS
2904,LAX
2905,LAX
2906,LGW
2907,LGW
2908,LGW
2909,LGW
2910,LHR
2911,LHR
2912,LHR
2913,LHR
2914,LHR
2915,LHR
2916,LHR
2917,LHR
2918,LHR
2919,LHR
2920,LHR
2921,LHR
2922,LHR
2923,LHR
2924,LHR
2925,LHR
2926,LHR
2927,LHR
2928,LHR
2929,LHR
2930,LHR
2931,LHR
2932,LIS
2933,LIS
2934,LIS
2935,LIS
2936,LUX
2937,LYS
2938,LYS
2939,LYS
2940,LYS
2941,MAD
2942,MAD
2943,MAD
2944,MAD
2945,MAD
2946,MAD
2947,MAD
2948,MAD
2949,MAD
2950,MAD
2951,MAD
2952,MAD
2953,MAD
2954,MAD
2955,MAD
2956,MAD
2957,MAD
2958,MAD
2959,MAD
2960,MAD
2961,MAD
2962,MAD
2963,MAD
2964,MAD
2965,MAD
2966,MAD
2967,MAD
2968,MAD
2969,MAD
2970,MAD
2971,MAN
2972,MAN
2973,MAN
2974,MCO
2975,MLA
2976,MUC
2977,MUC
2978,MUC
2979,MXP
2980,MXP
2981,MXP
2982,NCE
2983,NCE
2984,OPO
2985,OPO
2986,OPO
2987,OPO
2988,ORD
2989,ORD
2990,ORD
2991,ORD
2992,ORD
2993,ORD
2994,ORD
2995,ORD
2996,ORY
2997,ORY
2998,ORY
2999,ORY
3000,ORY
3001,ORY
3002,ORY
3003,ORY
3004,ORY
3005,ORY
3006,OTP
3007,PMI
3008,PMI
3009,PMI
3010,PMI
3011,PMI
3012,PMI
3013,PMI
3014,PMI
3015,PMI
3016,PMI
3017,PRG
3018,PRG
3019,PRG
3020,SEA
3021,SFO
3022,SOF
3023,TLS
3024,TLS
3025,TLS
3026,TLS
3027,TXL
3028,TXL
3029,VCE
3030,VCE
3031,VCE
3032,VIE
3033,VIE
3034,WAW
3035,WAW
3036,ZAG
3037,CTA
3038,CTA
3039,CTA
3040,CTA
3041,CTA
3042,CTA
3043,DUS
3044,DUS
3045,DUS
3046,DUS
3047,FCO
3048,FCO
3049,FCO
3050,FCO
3051,FCO
3052,FCO
3053,FRA
3054,MLA
3055,MLA
3056,MUC
3057,MXP
3058,MXP
3059,MXP
3060,MXP
3061,TXL
3062,TXL
3063,TXL
3064,TXL
3065,VCE
3066,VCE
3067,VIE
3068,VIE
3069,CDG
3070,CDG
3071,ORD
3072,AMS
3073,BRU
3074,CDG
3075,CPH
3076,FRA
3077,LJU
3078,LJU
3079,LJU
3080,LJU
3081,LJU
3082,LJU
3083,LJU
3084,LJU
3085,LJU
3086,MUC
3087,PRG
3088,VIE
3089,WAW
3090,AMS
3091,AMS
3092,BRU
3093,BRU
3094,CDG
3095,DBV
3096,GDN
3097,GDN
3098,GDN
3099,GDN
3100,GDN
3101,HEL
3102,KRK
3103,KRK
3104,SPU
3105,WAW
3106,WAW
3107,WRO
3108,WRO
3109,WRO
3110,ATL
3111,MXP
3112,PRG
3113,AAL
3114,ABZ
3115,AMS
3116,AMS
3117,AMS
3118,AMS
3119,AMS
3120,AMS
3121,AMS
3122,AMS
3123,AMS
3124,AMS
3125,AMS
3126,AMS
3127,AMS
3128,AMS
3129,AMS
3130,AMS
3131,AMS
3132,AMS
3133,AMS
3134,AMS
3135,AMS
3136,AMS
3137,AMS
3138,AMS
3139,AMS
3140,AMS
3141,AMS
3142,AMS
3143,AMS
3144,AMS
3145,AMS
3146,AMS
3147,AMS
3148,AMS
3149,AMS
3150,AMS
3151,AMS
3152,AMS
3153,AMS
3154,AMS
3155,AMS
3156,AMS
3157,AMS
3158,ARN
3159,ATL
3160,ATL
3161,ATL
3162,ATL
3163,ATL
3164,ATL
3165,ATL
3166,ATL
3167,ATL
3168,ATL
3169,ATL
3170,ATL
3171,ATL
3172,ATL
3173,ATL
3174,ATL
3175,ATL
3176,ATL
3177,ATL
3178,BCN
3179,BCN
3180,BLL
3181,BRU
3182,BRU
3183,BRU
3184,BUD
3185,CDG
3186,CPH
3187,CWL
3188,DEN
3189,DFW
3190,DFW
3191,DUB
3192,DUB
3193,DUS
3194,DUS
3195,EDI
3196,FCO
3197,FCO
3198,FRA
3199,FRA
3200,FRA
3201,GLA
3202,GOT
3203,HAM
3204,HEL
3205,JFK
3206,JFK
3207,JFK
3208,JFK
3209,JFK
3210,JFK
3211,JFK
3212,JFK
3213,LAS
3214,LAX
3215,LAX
3216,LCA
3217,LHR
3218,LHR
3219,LHR
3220,LHR
3221,LIS
3222,LUX
3223,LYS
3224,MAD
3225,MAD
3226,MAD
3227,MAN
3228,MAN
3229,MCO
3230,MUC
3231,MUC
3232,NCE
3233,ORD
3234,ORD
3235,OTP
3236,PRG
3237,RIX
3238,SEA
3239,SEA
3240,SEA
3241,SFO
3242,SFO
3243,SFO
3244,TLL
3245,TLS
3246,TXL
3247,VCE
3248,VIE
3249,WAW
3250,AMS
3251,BRU
3252,BRU
3253,BUD
3254,CDG
3255,CTA
3256,CTA
3257,CTA
3258,CWL
3259,DUS
3260,FCO
3261,FRA
3262,GLA
3263,HAM
3264,LCA
3265,LGW
3266,LHR
3267,LYS
3268,MAN
3269,MLA
3270,MLA
3271,MLA
3272,MLA
3273,MLA
3274,MLA
3275,MLA
3276,MLA
3277,MLA
3278,MLA
3279,MLA
3280,MLA
3281,MLA
3282,MLA
3283,MLA
3284,MLA
3285,MLA
3286,MLA
3287,MLA
3288,MLA
3289,MLA
3290,MUC
3291,MUC
3292,ORY
3293,PRG
3294,TXL
3295,VIE
3296,EDI
3297,CDG
3298,FCO
3299,JFK
3300,LHR
3301,FRA
3302,MAD
3303,AGP
3304,ARN
3305,BCN
3306,CDG
3307,CPH
3308,DBV
3309,DUB
3310,DUS
3311,FAO
3312,FCO
3313,FNC
3314,FRA
3315,LIS
3316,LUX
3317,LUX
3318,LUX
3319,LUX
3320,LUX
3321,LUX
3322,LUX
3323,LUX
3324,LUX
3325,LUX
3326,LUX
3327,LUX
3328,LUX
3329,LUX
3330,LUX
3331,LUX
3332,LUX
3333,LUX
3334,LUX
3335,LUX
3336,LUX
3337,LUX
3338,LUX
3339,LUX
3340,MAD
3341,MLA
3342,MUC
3343,MXP
3344,NCE
3345,OPO
3346,PMI
3347,TXL
3348,VAR
3349,VIE
3350,ABZ
3351,AGP
3352,AGP
3353,AGP
3354,AMS
3355,AMS
3356,AMS
3357,ARN
3358,ARN
3359,ARN
3360,ARN
3361,ATL
3362,ATL
3363,BCN
3364,BCN
3365,BCN
3366,BLL
3367,BRU
3368,BRU
3369,BRU
3370,BRU
3371,BRU
3372,BRU
3373,BRU
3374,BUD
3375,BUD
3376,BUD
3377,CDG
3378,CDG
3379,CDG
3380,CDG
3381,CDG
3382,CLJ
3383,CPH
3384,CPH
3385,CPH
3386,CPH
3387,CTA
3388,CTA
3389,DBV
3390,DBV
3391,DBV
3392,DEN
3393,DFW
3394,DUB
3395,DUB
3396,DUS
3397,DUS
3398,DUS
3399,DUS
3400,DUS
3401,DUS
3402,DUS
3403,DUS
3404,DUS
3405,DUS
3406,DUS
3407,DUS
3408,DUS
3409,DUS
3410,DUS
3411,DUS
3412,DUS
3413,DUS
3414,DUS
3415,DUS
3416,DUS
3417,DUS
3418,DUS
3419,EDI
3420,FAO
3421,FAO
3422,FCO
3423,FCO
3424,FCO
3425,FRA
3426,FRA
3427,FRA
3428,FRA
3429,FRA
3430,FRA
3431,FRA
3432,FRA
3433,FRA
3434,FRA
3435,FRA
3436,FRA
3437,FRA
3438,FRA
3439,FRA
3440,FRA
3441,FRA
3442,FRA
3443,FRA
3444,FRA
3445,FRA
3446,FRA
3447,FRA
3448,FRA
3449,FRA
3450,FRA
3451,FRA
3452,FRA
3453,FRA
3454,FRA
3455,FRA
3456,FRA
3457,FRA
3458,FRA
3459,FRA
3460,FRA
3461,FRA
3462,FRA
3463,FRA
3464,FRA
3465,FRA
3466,FRA
3467,FRA
3468,FRA
3469,FRA
3470,FRA
3471,FRA
3472,FRA
3473,FRA
3474,FRA
3475,FRA
3476,FRA
3477,FRA
3478,FRA
3479,FRA
3480,FRA
3481,FRA
3482,FRA
3483,FRA
3484,FRA
3485,FRA
3486,GDN
3487,GDN
3488,GLA
3489,GOT
3490,GOT
3491,GOT
3492,GRZ
3493,GRZ
3494,GRZ
3495,HAM
3496,HAM
3497,HAM
3498,HAM
3499,HAM
3500,HAM
3501,HAM
3502,HEL
3503,HEL
3504,INN
3505,JFK
3506,JFK
3507,JFK
3508,KRK
3509,KRK
3510,KTW
3511,LAX
3512,LAX
3513,LAX
3514,LCA
3515,LCA
3516,LHR
3517,LHR
3518,LHR
3519,LHR
3520,LHR
3521,LHR
3522,LIS
3523,LIS
3524,LIS
3525,LJU
3526,LJU
3527,LUX
3528,LUX
3529,LYS
3530,LYS
3531,MAD
3532,MAD
3533,MAN
3534,MAN
3535,MAN
3536,MCO
3537,MLA
3538,MLA
3539,MLA
3540,MLA
3541,MUC
3542,MUC
3543,MUC
3544,MUC
3545,MUC
3546,MUC
3547,MUC
3548,MUC
3549,MUC
3550,MUC
3551,MUC
3552,MUC
3553,MUC
3554,MUC
3555,MUC
3556,MUC
3557,MUC
3558,MUC
3559,MUC
3560,MUC
3561,MUC
3562,MUC
3563,MUC
3564,MUC
3565,MUC
3566,MUC
3567,MUC
3568,MUC
3569,MUC
3570,MUC
3571,MUC
3572,MUC
3573,MUC
3574,MUC
3575,MUC
3576,MUC
3577,MUC
3578,MUC
3579,MUC
3580,MUC
3581,MUC
3582,MUC
3583,MUC
3584,MUC
3585,MUC
3586,MUC
3587,MUC
3588,MUC
3589,MUC
3590,MUC
3591,MUC
3592,MXP
3593,MXP
3594,MXP
3595,NCE
3596,NCE
3597,NCE
3598,OPO
3599,ORD
3600,ORD
3601,ORD
3602,ORD
3603,ORD
3604,ORD
3605,ORD
3606,OTP
3607,OTP
3608,OTP
3609,PMI
3610,PMI
3611,PRG
3612,PRG
3613,RIX
3614,RTM
3615,SEA
3616,SFO
3617,SFO
3618,SFO
3619,SOF
3620,SOF
3621,SPU
3622,SPU
3623,SPU
3624,SZG
3625,TLL
3626,TLS
3627,TLS
3628,TSR
3629,TXL
3630,TXL
3631,TXL
3632,TXL
3633,TXL
3634,TXL
3635,TXL
3636,TXL
3637,TXL
3638,TXL
3639,TXL
3640,VCE
3641,VCE
3642,VIE
3643,VIE
3644,VIE
3645,VIE
3646,VIE
3647,VNO
3648,VNO
3649,WAW
3650,WAW
3651,WAW
3652,WAW
3653,WRO
3654,WRO
3655,ZAG
3656,ZAG
3657,ZAG
3658,AMS
3659,ARN
3660,BCN
3661,BRU
3662,BUD
3663,CDG
3664,CPH
3665,DUS
3666,FRA
3667,FRA
3668,FRA
3669,FRA
3670,FRA
3671,GDN
3672,GDN
3673,GDN
3674,HAM
3675,JFK
3676,KRK
3677,KRK
3678,KRK
3679,KRK
3680,KTW
3681,KTW
3682,LCA
3683,LHR
3684,LIS
3685,LJU
3686,MAD
3687,MUC
3688,MUC
3689,MUC
3690,MUC
3691,MXP
3692,NCE
3693,ORD
3694,OTP
3695,PRG
3696,RIX
3697,SOF
3698,TLL
3699,VIE
3700,VIE
3701,VNO
3702,WAW
3703,WAW
3704,WAW
3705,WAW
3706,WAW
3707,WAW
3708,WAW
3709,WAW
3710,WAW
3711,WAW
3712,WAW
3713,WAW
3714,WAW
3715,WAW
3716,WAW
3717,WAW
3718,WAW
3719,WAW
3720,WAW
3721,WAW
3722,WAW
3723,WAW
3724,WAW
3725,WAW
3726,WAW
3727,WAW
3728,WAW
3729,WAW
3730,WAW
3731,WAW
3732,WAW
3733,WRO
3734,WRO
3735,WRO
3736,AGP
3737,AGP
3738,AGP
3739,AGP
3740,ALC
3741,ALC
3742,ALC
3743,ALC
3744,BCN
3745,BCN
3746,BFS
3747,BFS
3748,BFS
3749,BFS
3750,BFS
3751,BUD
3752,BUD
3753,CDG
3754,DBV
3755,DBV
3756,DBV
3757,EDI
3758,EDI
3759,EDI
3760,EDI
3761,EDI
3762,EDI
3763,EDI
3764,EDI
3765,FAO
3766,FAO
3767,FAO
3768,FAO
3769,FCO
3770,FCO
3771,FNC
3772,GLA
3773,GLA
3774,GLA
3775,GLA
3776,GLA
3777,GLA
3778,GLA
3779,LCA
3780,MAN
3781,MAN
3782,MAN
3783,MAN
3784,MAN
3785,MAN
3786,MAN
3787,MAN
3788,MAN
3789,MAN
3790,MAN
3791,MAN
3792,MAN
3793,MAN
3794,MAN
3795,MAN
3796,MAN
3797,MAN
3798,NCE
3799,PFO
3800,PFO
3801,PMI
3802,PMI
3803,PMI
3804,PMI
3805,PRG
3806,PRG
3807,SPU
3808,TLS
3809,VCE
3810,VCE
3811,VIE
3812,BRU
3813,CDG
3814,MUC
3815,PRG
3816,TLL
3817,TXL
3818,VNO
3819,VNO
3820,VNO
3821,VNO
3822,VNO
3823,VNO
3824,MUC
3825,AMS
3826,ATL
3827,CDG
3828,CDG
3829,CDG
3830,DFW
3831,DFW
3832,FRA
3833,HEL
3834,HEL
3835,JFK
3836,LHR
3837,LHR
3838,LHR
3839,ORD
3840,ORD
3841,AMS
3842,AMS
3843,AMS
3844,AMS
3845,AMS
3846,AMS
3847,AMS
3848,BCN
3849,CDG
3850,CPH
3851,FCO
3852,FRA
3853,LHR
3854,MAD
3855,ATL
3856,LHR
3857,LHR
3858,LIS
3859,ORD
3860,WAW
3861,ATL
3862,DEN
3863,DEN
3864,DEN
3865,DFW
3866,DFW
3867,DFW
3868,DFW
3869,DFW
3870,DFW
3871,LAS
3872,LAS
3873,LAS
3874,LAS
3875,LAX
3876,LAX
3877,LAX
3878,MCO
3879,MCO
3880,ORD
3881,ORD
3882,ORD
3883,ORD
3884,ORD
3885,FNC
3886,PDL
3887,ATL
3888,FRA
3889,LAX
3890,LHR
3891,LHR
3892,SFO
3893,SFO
3894,SFO
3895,AGP
3896,AMS
3897,ARN
3898,BCN
3899,BCN
3900,BRU
3901,BTS
3902,BUD
3903,CDG
3904,CLJ
3905,CPH
3906,DUS
3907,FCO
3908,FRA
3909,HAM
3910,HEL
3911,MAD
3912,MLA
3913,MXP
3914,NCE
3915,OTP
3916,PMI
3917,PMI
3918,PRG
3919,PRG
3920,PRG
3921,PRG
3922,PRG
3923,PRG
3924,PRG
3925,PRG
3926,PRG
3927,PRG
3928,PRG
3929,PRG
3930,PRG
3931,PRG
3932,PRG
3933,PRG
3934,PRG
3935,PRG
3936,PRG
3937,PRG
3938,PRG
3939,PRG
3940,PRG
3941,PRG
3942,PRG
3943,RIX
3944,SOF
3945,SPU
3946,TXL
3947,WAW
3948,AMS
3949,ARN
3950,BCN
3951,BRU
3952,BUD
3953,CDG
3954,CLJ
3955,CPH
3956,CTA
3957,DBV
3958,DUS
3959,DUS
3960,FCO
3961,FNC
3962,FRA
3963,FRA
3964,FRA
3965,FRA
3966,GRZ
3967,GRZ
3968,GRZ
3969,GRZ
3970,HAM
3971,IAS
3972,INN
3973,INN
3974,JFK
3975,KRK
3976,LCA
3977,LHR
3978,LIS
3979,LJU
3980,LUX
3981,LYS
3982,MLA
3983,MUC
3984,MUC
3985,MXP
3986,NCE
3987,ORD
3988,OTP
3989,PMI
3990,PRG
3991,RIX
3992,SOF
3993,SPU
3994,SZG
3995,SZG
3996,TXL
3997,VAR
3998,VCE
3999,VIE
4000,VIE
4001,VIE
4002,VIE
4003,VIE
4004,VIE
4005,VIE
4006,VIE
4007,VIE
4008,VIE
4009,VIE
4010,VIE
4011,VIE
4012,VIE
4013,VIE
4014,VIE
4015,VIE
4016,VIE
4017,VIE
4018,VIE
4019,VIE
4020,VIE
4021,VIE
4022,VIE
4023,VIE
4024,VIE
4025,VIE
4026,VIE
4027,VIE
4028,VIE
4029,VIE
4030,VIE
4031,VIE
4032,VIE
4033,VIE
4034,VIE
4035,VIE
4036,VIE
4037,VIE
4038,VIE
4039,VIE
4040,VIE
4041,VIE
4042,VIE
4043,VNO
4044,WAW
4045,ZAG
4046,AMS
4047,AMS
4048,BCN
4049,BRU
4050,CDG
4051,CDG
4052,CDG
4053,CPH
4054,DBV
4055,DBV
4056,DBV
4057,DBV
4058,DBV
4059,DBV
4060,DBV
4061,DBV
4062,DBV
4063,DBV
4064,DUS
4065,DUS
4066,FCO
4067,FCO
4068,FRA
4069,FRA
4070,FRA
4071,LGW
4072,LHR
4073,LHR
4074,LYS
4075,MUC
4076,MUC
4077,MUC
4078,SPU
4079,SPU
4080,SPU
4081,SPU
4082,SPU
4083,SPU
4084,SPU
4085,SPU
4086,SPU
4087,SPU
4088,SPU
4089,SPU
4090,TXL
4091,TXL
4092,TXL
4093,VCE
4094,VIE
4095,VIE
4096,VIE
4097,ZAG
4098,ZAG
4099,ZAG
4100,ZAG
4101,ZAG
4102,ZAG
4103,ZAG
4104,ZAG
4105,ZAG
4106,ZAG
4107,ZAG
4108,ZAG
4109,AMS
4110,ARN
4111,BRU
4112,CPH
4113,NCE
4114,SPU
4115,TLL
4116,TLL
4117,TLL
4118,TLL
4119,TLL
4120,TLL
4121,TLL
4122,VNO
4123,ATL
4124,ATL
4125,ORD
4126,CDG
4127,MAN
4128,MXP
4129,ATL
4130,ATL
4131,DFW
4132,JFK
4133,LAX
4134,ORD
4135,ATL
4136,BCN
4137,BUD
4138,CDG
4139,JFK
4140,JFK
4141,JFK
4142,JFK
4143,JFK
4144,LAS
4145,MXP
4146,ORD
4147,ORD
4148,OTP
4149,SOF
4150,ZAG
4151,AMS
4152,ARN
4153,BCN
4154,BRU
4155,BTS
4156,BUD
4157,CDG
4158,CPH
4159,DUS
4160,FCO
4161,FNC
4162,FRA
4163,HAM
4164,MAD
4165,MXP
4166,NCE
4167,OTP
4168,PMI
4169,PRG
4170,PRG
4171,PRG
4172,PRG
4173,PRG
4174,PRG
4175,PRG
4176,PRG
4177,PRG
4178,PRG
4179,PRG
4180,PRG
4181,PRG
4182,PRG
4183,PRG
4184,PRG
4185,PRG
4186,PRG
4187,PRG
4188,PRG
4189,PRG
4190,SPU
4191,TXL
4192,WAW
4193,CPH
4194,MUC
4195,MXP
4196,VIE
4197,VIE
4198,VIE
4199,AMS
4200,BCN
4201,BRU
4202,BUD
4203,CDG
4204,CLJ
4205,CLJ
4206,CLJ
4207,DUB
4208,FCO
4209,FCO
4210,FRA
4211,IAS
4212,IAS
4213,IAS
4214,IAS
4215,LCA
4216,LHR
4217,LTN
4218,MAD
4219,MUC
4220,NCE
4221,OTP
4222,OTP
4223,OTP
4224,OTP
4225,OTP
4226,OTP
4227,OTP
4228,OTP
4229,OTP
4230,OTP
4231,OTP
4232,OTP
4233,OTP
4234,OTP
4235,OTP
4236,OTP
4237,OTP
4238,OTP
4239,OTP
4240,OTP
4241,PRG
4242,PRG
4243,SOF
4244,TSR
4245,VIE
4246,VIE
4247,VIE
4248,WAW
4249,AGP
4250,AMS
4251,AMS
4252,ARN
4253,BCN
4254,BCN
4255,CPH
4256,FAO
4257,FNC
4258,FNC
4259,FNC
4260,FRA
4261,FRA
4262,LGW
4263,LGW
4264,LHR
4265,LIS
4266,LIS
4267,LIS
4268,LIS
4269,LIS
4270,LIS
4271,LIS
4272,LIS
4273,LIS
4274,LIS
4275,LIS
4276,LIS
4277,LIS
4278,MAD
4279,MAD
4280,MUC
4281,OPO
4282,OPO
4283,OPO
4284,OPO
4285,OPO
4286,OPO
4287,ORY
4288,PDL
4289,PDL
4290,PDL
4291,PDL
4292,PDL
4293,PDL
4294,PDL
4295,PDL
4296,MAN
4297,MUC
4298,CDG
4299,JFK
4300,LYS
4301,TLS
4302,AAL
4303,AAL
4304,AAL
4305,ABZ
4306,AGP
4307,AGP
4308,AGP
4309,ALC
4310,AMS
4311,AMS
4312,ARN
4313,ARN
4314,ARN
4315,ARN
4316,ARN
4317,ARN
4318,ARN
4319,ARN
4320,ARN
4321,ARN
4322,ARN
4323,ARN
4324,ARN
4325,ARN
4326,ARN
4327,ARN
4328,ARN
4329,ARN
4330,ARN
4331,ARN
4332,ARN
4333,ARN
4334,ARN
4335,ARN
4336,ARN
4337,ARN
4338,ARN
4339,ARN
4340,ARN
4341,ARN
4342,ARN
4343,ARN
4344,ARN
4345,ARN
4346,BCN
4347,BCN
4348,BLL
4349,BLL
4350,BLL
4351,BRU
4352,BRU
4353,BUD
4354,BUD
4355,CDG
4356,CDG
4357,CPH
4358,CPH
4359,CPH
4360,CPH
4361,CPH
4362,CPH
4363,CPH
4364,CPH
4365,CPH
4366,CPH
4367,CPH
4368,CPH
4369,CPH
4370,CPH
4371,CPH
4372,CPH
4373,CPH
4374,CPH
4375,CPH
4376,CPH
4377,CPH
4378,CPH
4379,CPH
4380,CPH
4381,CPH
4382,CPH
4383,CPH
4384,CPH
4385,CPH
4386,CPH
4387,CPH
4388,CPH
4389,CPH
4390,CPH
4391,CPH
4392,CPH
4393,CPH
4394,CPH
4395,CPH
4396,CPH
4397,DBV
4398,DUB
4399,DUB
4400,DUS
4401,DUS
4402,EDI
4403,FCO
4404,FCO
4405,FRA
4406,FRA
4407,FRA
4408,FRA
4409,FRA
4410,GDN
4411,GOT
4412,GOT
4413,GOT
4414,GOT
4415,GOT
4416,GOT
4417,GOT
4418,GOT
4419,HAM
4420,HAM
4421,HEL
4422,HEL
4423,HEL
4424,HEL
4425,LHR
4426,LHR
4427,LHR
4428,LJU
4429,LUX
4430,MAD
4431,MAD
4432,MAN
4433,MAN
4434,MLA
4435,MMX
4436,MUC
4437,MUC
4438,MUC
4439,MUC
4440,MUC
4441,MXP
4442,NCE
4443,NCE
4444,ORD
4445,ORD
4446,OTP
4447,OUL
4448,PMI
4449,PMI
4450,PMI
4451,PRG
4452,PRG
4453,RIX
4454,RIX
4455,SFO
4456,SPU
4457,SPU
4458,SPU
4459,TLL
4460,TLL
4461,TXL
4462,TXL
4463,VCE
4464,VNO
4465,VNO
4466,WAW
4467,WRO
4468,ZAG
4469,AGP
4470,ALC
4471,BCN
4472,BMA
4473,BRU
4474,BRU
4475,BRU
4476,BRU
4477,BRU
4478,BRU
4479,BRU
4480,BRU
4481,BRU
4482,BRU
4483,BRU
4484,BRU
4485,BRU
4486,BRU
4487,BRU
4488,BRU
4489,BRU
4490,BRU
4491,BRU
4492,BRU
4493,BRU
4494,BRU
4495,BRU
4496,BRU
4497,BRU
4498,BRU
4499,BRU
4500,BRU
4501,BRU
4502,BRU
4503,BRU
4504,BRU
4505,BRU
4506,BRU
4507,BRU
4508,BRU
4509,BRU
4510,BUD
4511,CDG
4512,CPH
4513,CTA
4514,EDI
4515,FAO
4516,FCO
4517,FRA
4518,GOT
4519,HAM
4520,JFK
4521,LHR
4522,LIS
4523,LJU
4524,LYS
4525,MAD
4526,MAN
4527,MLA
4528,MUC
4529,MXP
4530,NCE
4531,OPO
4532,ORD
4533,OTP
4534,PRG
4535,RIX
4536,TLL
4537,TLS
4538,TXL
4539,VCE
4540,VIE
4541,VNO
4542,ZAG
4543,BCN
4544,FRA
4545,FRA
4546,JFK
4547,LAX
4548,MAN
4549,MUC
4550,MXP
4551,ATL
4552,CDG
4553,CDG
4554,JFK
4555,MXP
4556,TLS
4557,BFS
4558,BFS
4559,LAS
4560,LCA
4561,LCA
4562,LGW
4563,LGW
4564,MAN
4565,MAN
4566,MAN
4567,MAN
4568,MAN
4569,MLA
4570,PMI
4571,PMI
4572,BMA
4573,BMA
4574,BMA
4575,BMA
4576,BRU
4577,BRU
4578,BRU
4579,CPH
4580,GOT
4581,GOT
4582,HEL
4583,MMX
4584,ARN
4585,ARN
4586,BRU
4587,CPH
4588,LHR
4589,LIS
4590,MAD
4591,MAN
4592,MAN
4593,OPO
4594,AAL
4595,BLL
4596,TLL
4597,VNO
4598,CDG
4599,LAX
4600,AGP
4601,AGP
4602,AGP
4603,AGP
4604,AGP
4605,AGP
4606,ALC
4607,ALC
4608,ALC
4609,ALC
4610,BUD
4611,CTA
4612,CTA
4613,CTA
4614,CWL
4615,CWL
4616,CWL
4617,CWL
4618,DBV
4619,DBV
4620,DBV
4621,EDI
4622,FAO
4623,FAO
4624,FAO
4625,FAO
4626,FAO
4627,FAO
4628,FCO
4629,FNC
4630,FNC
4631,FNC
4632,GLA
4633,GLA
4634,GLA
4635,GLA
4636,GLA
4637,LCA
4638,LCA
4639,LCA
4640,LCA
4641,LGW
4642,LGW
4643,LGW
4644,LGW
4645,LGW
4646,LGW
4647,LGW
4648,LGW
4649,LGW
4650,LGW
4651,LGW
4652,LIS
4653,LTN
4654,LTN
4655,LTN
4656,LTN
4657,LTN
4658,LYS
4659,MAN
4660,MAN
4661,MAN
4662,MAN
4663,MAN
4664,MAN
4665,MAN
4666,MAN
4667,MAN
4668,MAN
4669,MLA
4670,MLA
4671,OPO
4672,OPO
4673,OPO
4674,ORY
4675,ORY
4676,ORY
4677,ORY
4678,ORY
4679,ORY
4680,ORY
4681,ORY
4682,ORY
4683,ORY
4684,PFO
4685,PFO
4686,PFO
4687,PFO
4688,PMI
4689,PMI
4690,PMI
4691,PMI
4692,PMI
4693,PMI
4694,PMI
4695,PRG
4696,STN
4697,STN
4698,STN
4699,VCE
4700,VCE
4701,VCE
4702,FNC
4703,GLA
4704,GLA
4705,LCA
4706,LCA
4707,LGW
4708,LGW
4709,LGW
4710,MAN
4711,MAN
4712,MAN
4713,MAN
4714,MLA
4715,PFO
4716,PFO
4717,PMI
4718,PMI
4719,PMI
4720,STN
4721,AGP
4722,AMS
4723,AMS
4724,ARN
4725,BCN
4726,BCN
4727,BRU
4728,BRU
4729,BRU
4730,BUD
4731,CPH
4732,DUS
4733,FAO
4734,FAO
4735,FAO
4736,FAO
4737,FCO
4738,FCO
4739,FNC
4740,FNC
4741,FNC
4742,FNC
4743,FNC
4744,FRA
4745,FRA
4746,FRA
4747,HAM
4748,HEL
4749,LGW
4750,LGW
4751,LGW
4752,LHR
4753,LIS
4754,LIS
4755,LIS
4756,LIS
4757,LIS
4758,LIS
4759,LIS
4760,LIS
4761,LIS
4762,LIS
4763,LIS
4764,LIS
4765,LIS
4766,LIS
4767,LIS
4768,LIS
4769,LIS
4770,LIS
4771,LIS
4772,LIS
4773,LIS
4774,LIS
4775,LIS
4776,LIS
4777,LIS
4778,LIS
4779,LIS
4780,LIS
4781,LIS
4782,LIS
4783,LIS
4784,LIS
4785,LUX
4786,LUX
4787,LYS
4788,MAD
4789,MAD
4790,MAN
4791,MUC
4792,MUC
4793,MXP
4794,MXP
4795,NCE
4796,OPO
4797,OPO
4798,OPO
4799,OPO
4800,OPO
4801,OPO
4802,OPO
4803,OPO
4804,OPO
4805,OPO
4806,OPO
4807,OPO
4808,OPO
4809,ORY
4810,ORY
4811,OTP
4812,PDL
4813,PDL
4814,PDL
4815,PRG
4816,TLS
4817,VCE
4818,VIE
4819,VIE
4820,WAW
4821,OPO
4822,ABZ
4823,ABZ
4824,AGP
4825,AGP
4826,AGP
4827,AGP
4828,AGP
4829,AGP
4830,AGP
4831,AGP
4832,ALC
4833,ALC
4834,ALC
4835,ALC
4836,ALC
4837,ALC
4838,AMS
4839,AMS
4840,AMS
4841,AMS
4842,AMS
4843,AMS
4844,AMS
4845,AMS
4846,AMS
4847,AMS
4848,AMS
4849,BCN
4850,BCN
4851,BCN
4852,BCN
4853,BCN
4854,BCN
4855,BCN
4856,BFS
4857,BFS
4858,BFS
4859,BFS
4860,BFS
4861,BFS
4862,BFS
4863,BFS
4864,BFS
4865,BFS
4866,BFS
4867,BFS
4868,BFS
4869,BFS
4870,BFS
4871,BFS
4872,BRU
4873,BRU
4874,BRU
4875,BRU
4876,BRU
4877,BUD
4878,BUD
4879,BUD
4880,CDG
4881,CDG
4882,CDG
4883,CDG
4884,CDG
4885,CDG
4886,CDG
4887,CDG
4888,CDG
4889,CDG
4890,CDG
4891,CDG
4892,CDG
4893,CDG
4894,CDG
4895,CDG
4896,CDG
4897,CDG
4898,CDG
4899,CPH
4900,CPH
4901,CPH
4902,CPH
4903,CPH
4904,CPH
4905,CPH
4906,CPH
4907,CTA
4908,CTA
4909,CTA
4910,CTA
4911,CTA
4912,CTA
4913,DBV
4914,DBV
4915,DBV
4916,DUS
4917,EDI
4918,EDI
4919,EDI
4920,EDI
4921,EDI
4922,EDI
4923,EDI
4924,EDI
4925,EDI
4926,EDI
4927,EDI
4928,EDI
4929,EDI
4930,EDI
4931,EDI
4932,EDI
4933,EDI
4934,EDI
4935,EDI
4936,EDI
4937,FAO
4938,FAO
4939,FAO
4940,FAO
4941,FAO
4942,FCO
4943,FCO
4944,FCO
4945,FCO
4946,FCO
4947,FCO
4948,FCO
4949,FCO
4950,FCO
4951,FCO
4952,FNC
4953,FNC
4954,GLA
4955,GLA
4956,GLA
4957,GLA
4958,GLA
4959,GLA
4960,GLA
4961,GLA
4962,GLA
4963,GLA
4964,HAM
4965,HAM
4966,HAM
4967,HAM
4968,HAM
4969,HAM
4970,HAM
4971,HAM
4972,HAM
4973,HAM
4974,HAM
4975,INN
4976,KRK
4977,KRK
4978,KRK
4979,KRK
4980,LCA
4981,LCA
4982,LGW
4983,LGW
4984,LGW
4985,LGW
4986,LGW
4987,LGW
4988,LGW
4989,LGW
4990,LGW
4991,LGW
4992,LGW
4993,LGW
4994,LGW
4995,LGW
4996,LGW
4997,LGW
4998,LGW
4999,LGW
5000,LGW
5001,LGW
5002,LGW
5003,LGW
5004,LGW
5005,LGW
5006,LGW
5007,LGW
5008,LGW
5009,LGW
5010,LGW
5011,LGW
5012,LGW
5013,LGW
5014,LGW
5015,LGW
5016,LGW
5017,LGW
5018,LGW
5019,LGW
5020,LGW
5021,LGW
5022,LGW
5023,LGW
5024,LIS
5025,LIS
5026,LIS
5027,LIS
5028,LIS
5029,LIS
5030,LIS
5031,LIS
5032,LIS
5033,LIS
5034,LIS
5035,LJU
5036,LTN
5037,LTN
5038,LTN
5039,LTN
5040,LTN
5041,LTN
5042,LTN
5043,LTN
5044,LTN
5045,LTN
5046,LTN
5047,LTN
5048,LTN
5049,LTN
5050,LTN
5051,LTN
5052,LTN
5053,LTN
5054,LTN
5055,LTN
5056,LUX
5057,LUX
5058,LUX
5059,LYS
5060,LYS
5061,LYS
5062,LYS
5063,LYS
5064,LYS
5065,LYS
5066,LYS
5067,LYS
5068,LYS
5069,LYS
5070,LYS
5071,MAD
5072,MAD
5073,MAD
5074,MAD
5075,MAD
5076,MAD
5077,MAD
5078,MAN
5079,MAN
5080,MAN
5081,MAN
5082,MAN
5083,MAN
5084,MAN
5085,MAN
5086,MAN
5087,MAN
5088,MAN
5089,MAN
5090,MAN
5091,MAN
5092,MLA
5093,MLA
5094,MLA
5095,MUC
5096,MUC
5097,MUC
5098,MUC
5099,MXP
5100,MXP
5101,MXP
5102,MXP
5103,MXP
5104,MXP
5105,MXP
5106,MXP
5107,MXP
5108,MXP
5109,MXP
5110,MXP
5111,MXP
5112,MXP
5113,MXP
5114,MXP
5115,MXP
5116,MXP
5117,NCE
5118,NCE
5119,NCE
5120,NCE
5121,NCE
5122,NCE
5123,NCE
5124,NCE
5125,NCE
5126,NCE
5127,NCE
5128,NCE
5129,NCE
5130,NCE
5131,NCE
5132,OPO
5133,OPO
5134,OPO
5135,ORY
5136,ORY
5137,ORY
5138,ORY
5139,ORY
5140,OTP
5141,PFO
5142,PFO
5143,PFO
5144,PFO
5145,PMI
5146,PMI
5147,PMI
5148,PMI
5149,PMI
5150,PMI
5151,PMI
5152,PMI
5153,PMI
5154,PRG
5155,PRG
5156,PRG
5157,PRG
5158,PRG
5159,PRG
5160,PRG
5161,PRG
5162,SOF
5163,SOF
5164,SOF
5165,SPU
5166,STN
5167,STN
5168,STN
5169,STN
5170,STN
5171,STN
5172,STN
5173,STN
5174,STN
5175,STN
5176,STN
5177,STN
5178,STN
5179,STN
5180,TLL
5181,TLS
5182,TLS
5183,TLS
5184,TLS
5185,TLS
5186,TLS
5187,TLS
5188,VCE
5189,VCE
5190,VCE
5191,VCE
5192,VCE
5193,VCE
5194,VCE
5195,VCE
5196,VIE
5197,ZAG
5198,AMS
5199,ATL
5200,ATL
5201,ATL
5202,ATL
5203,BRU
5204,BRU
5205,BRU
5206,BRU
5207,BRU
5208,CDG
5209,CDG
5210,DEN
5211,DEN
5212,DEN
5213,DEN
5214,DEN
5215,DEN
5216,DEN
5217,DEN
5218,DEN
5219,DFW
5220,DFW
5221,DFW
5222,DFW
5223,DFW
5224,DUB
5225,DUB
5226,DUS
5227,EDI
5228,FRA
5229,FRA
5230,FRA
5231,FRA
5232,FRA
5233,FRA
5234,FRA
5235,FRA
5236,FRA
5237,GOT
5238,JFK
5239,JFK
5240,JFK
5241,JFK
5242,JFK
5243,JFK
5244,JFK
5245,LAS
5246,LAS
5247,LAS
5248,LAS
5249,LAX
5250,LAX
5251,LAX
5252,LAX
5253,LAX
5254,LAX
5255,LAX
5256,LAX
5257,LAX
5258,LAX
5259,LAX
5260,LHR
5261,LHR
5262,LHR
5263,MCO
5264,MCO
5265,MCO
5266,MCO
5267,MCO
5268,MUC
5269,MUC
5270,MUC
5271,MUC
5272,ORD
5273,ORD
5274,ORD
5275,ORD
5276,ORD
5277,ORD
5278,ORD
5279,ORD
5280,ORD
5281,ORD
5282,ORD
5283,ORD
5284,ORD
5285,ORD
5286,ORD
5287,ORD
5288,ORD
5289,PRG
5290,SEA
5291,SEA
5292,SEA
5293,SEA
5294,SEA
5295,SFO
5296,SFO
5297,SFO
5298,SFO
5299,SFO
5300,SFO
5301,SFO
5302,SFO
5303,SFO
5304,SFO
5305,SFO
5306,SFO
5307,SFO
5308,VIE
5309,VIE
5310,ABZ
5311,EDI
5312,LAX
5313,LGW
5314,LHR
5315,LHR
5316,LHR
5317,LHR
5318,LHR
5319,MAN
5320,MCO
5321,SFO
5322,AMS
5323,ATL
5324,ATL
5325,BCN
5326,BRU
5327,CDG
5328,CDG
5329,CDG
5330,DEN
5331,DEN
5332,DEN
5333,DFW
5334,DFW
5335,DFW
5336,DFW
5337,DFW
5338,DFW
5339,DFW
5340,DFW
5341,DFW
5342,DFW
5343,DFW
5344,DFW
5345,DFW
5346,DUB
5347,DUB
5348,DUS
5349,FAO
5350,FCO
5351,FCO
5352,FCO
5353,FNC
5354,FRA
5355,FRA
5356,FRA
5357,JFK
5358,JFK
5359,JFK
5360,JFK
5361,JFK
5362,JFK
5363,JFK
5364,JFK
5365,JFK
5366,JFK
5367,JFK
5368,JFK
5369,JFK
5370,JFK
5371,JFK
5372,JFK
5373,LAS
5374,LAS
5375,LAS
5376,LAS
5377,LAX
5378,LAX
5379,LAX
5380,LAX
5381,LAX
5382,LAX
5383,LAX
5384,LAX
5385,LHR
5386,LHR
5387,LHR
5388,LHR
5389,LHR
5390,LIS
5391,LIS
5392,LIS
5393,LIS
5394,LIS
5395,LIS
5396,MAD
5397,MAD
5398,MAD
5399,MAD
5400,MAN
5401,MAN
5402,MCO
5403,MCO
5404,MCO
5405,MCO
5406,MUC
5407,MXP
5408,MXP
5409,NCE
5410,OPO
5411,OPO
5412,ORD
5413,ORD
5414,ORD
5415,ORD
5416,ORD
5417,ORD
5418,ORD
5419,ORD
5420,ORD
5421,ORD
5422,ORD
5423,ORD
5424,ORD
5425,ORD
5426,ORD
5427,SEA
5428,SEA
5429,SEA
5430,SFO
5431,SFO
5432,SFO
5433,SFO
5434,AGP
5435,AGP
5436,AGP
5437,AMS
5438,BCN
5439,BCN
5440,BCN
5441,BCN
5442,BCN
5443,BRU
5444,CDG
5445,CDG
5446,CDG
5447,FCO
5448,FRA
5449,JFK
5450,LGW
5451,LIS
5452,MAD
5453,MAD
5454,MAD
5455,MAD
5456,MAD
5457,MAD
5458,MAD
5459,MAD
5460,MAD
5461,MAD
5462,MAD
5463,MAD
5464,MAD
5465,MAD
5466,MAD
5467,MUC
5468,MXP
5469,ORY
5470,ORY
5471,OTP
5472,OTP
5473,PMI
5474,PMI
5475,PMI
5476,PRG
5477,PRG
5478,CTA
5479,VCE
5480,ATL
5481,LAX
5482,MAN
5483,MUC
5484,FRA
5485,MAD
5486,ABZ
5487,ATL
5488,ATL
5489,ATL
5490,ATL
5491,ATL
5492,ATL
5493,ATL
5494,ATL
5495,ATL
5496,ATL
5497,DEN
5498,DFW
5499,EDI
5500,GLA
5501,JFK
5502,JFK
5503,LAS
5504,LAS
5505,LAS
5506,LAX
5507,LAX
5508,LGW
5509,LGW
5510,LHR
5511,LHR
5512,LHR
5513,LHR
5514,LHR
5515,LHR
5516,LHR
5517,LHR
5518,LHR
5519,MAN
5520,MAN
5521,MAN
5522,MAN
5523,MAN
5524,MCO
5525,MCO
5526,MCO
5527,MCO
5528,MUC
5529,ORD
5530,ORD
5531,SEA
5532,SFO
5533,SFO
5534,DFW
5535,DFW
5536,JFK
5537,JFK
5538,JFK
5539,LAS
5540,LAS
5541,LAS
5542,LAX
5543,LAX
5544,LAX
5545,LAX
5546,LAX
5547,LAX
5548,LAX
5549,MCO
5550,MCO
5551,ORD
5552,ORD
5553,SEA
5554,SEA
5555,SFO
5556,SFO
5557,SFO
5558,SFO
5559,SFO
5560,SFO
5561,SFO
5562,AAL
5563,AGP
5564,AGP
5565,AGP
5566,AGP
5567,AGP
5568,AGP
5569,AGP
5570,AGP
5571,AGP
5572,AGP
5573,AGP
5574,AGP
5575,ALC
5576,ALC
5577,ALC
5578,ALC
5579,ALC
5580,ALC
5581,ALC
5582,ALC
5583,AMS
5584,AMS
5585,AMS
5586,AMS
5587,ARN
5588,BCN
5589,BCN
5590,BCN
5591,BCN
5592,BCN
5593,BCN
5594,BCN
5595,BCN
5596,BCN
5597,BCN
5598,BCN
5599,BCN
5600,BCN
5601,BCN
5602,BCN
5603,BCN
5604,BCN
5605,BCN
5606,BCN
5607,BCN
5608,BCN
5609,BCN
5610,BCN
5611,BCN
5612,BCN
5613,BCN
5614,BCN
5615,BCN
5616,BCN
5617,BCN
5618,BCN
5619,BCN
5620,BCN
5621,BCN
5622,BCN
5623,BCN
5624,BCN
5625,BCN
5626,BRU
5627,BRU
5628,BRU
5629,BRU
5630,BRU
5631,BRU
5632,BRU
5633,BRU
5634,CDG
5635,CDG
5636,CPH
5637,CPH
5638,CPH
5639,CTA
5640,CTA
5641,CWL
5642,CWL
5643,CWL
5644,DBV
5645,DUS
5646,EDI
5647,FCO
5648,FCO
5649,FCO
5650,FCO
5651,FCO
5652,FCO
5653,FCO
5654,FRA
5655,GOT
5656,HAM
5657,HAM
5658,HEL
5659,LGW
5660,LIS
5661,LIS
5662,LIS
5663,LUX
5664,LYS
5665,LYS
5666,LYS
5667,MAD
5668,MAD
5669,MLA
5670,MUC
5671,MUC
5672,MXP
5673,NCE
5674,OPO
5675,OPO
5676,OPO
5677,ORY
5678,ORY
5679,ORY
5680,ORY
5681,ORY
5682,ORY
5683,ORY
5684,OTP
5685,PMI
5686,PMI
5687,PMI
5688,PMI
5689,PMI
5690,PMI
5691,PMI
5692,PMI
5693,PRG
5694,PRG
5695,TLS
5696,TLS
5697,TLS
5698,TXL
5699,VCE
5700,VCE
5701,VIE
5702,WAW
5703,ZAG
5704,AGP
5705,BCN
5706,BCN
5707,BCN
5708,BCN
5709,BCN
5710,BCN
5711,BCN
5712,BCN
5713,BCN
5714,BGY
5715,BGY
5716,BGY
5717,BGY
5718,BGY
5719,BGY
5720,BGY
5721,BGY
5722,BGY
5723,BOJ
5724,BUD
5725,BUD
5726,BUD
5727,BUD
5728,BUD
5729,BUD
5730,BUD
5731,BUD
5732,BUD
5733,BUD
5734,BUD
5735,BUD
5736,BUD
5737,BUD
5738,CLJ
5739,CLJ
5740,CLJ
5741,CLJ
5742,CLJ
5743,CLJ
5744,CRL
5745,CRL
5746,CRL
5747,CRL
5748,CRL
5749,CRL
5750,CTA
5751,CTA
5752,DEB
5753,DEB
5754,EIN
5755,EIN
5756,EIN
5757,EIN
5758,EIN
5759,EIN
5760,EIN
5761,EIN
5762,EIN
5763,EIN
5764,FCO
5765,FCO
5766,FCO
5767,FCO
5768,FCO
5769,FCO
5770,GDN
5771,GDN
5772,GDN
5773,GDN
5774,GDN
5775,GDN
5776,GDN
5777,GDN
5778,GLA
5779,GLA
5780,KTW
5781,KTW
5782,KTW
5783,KTW
5784,KTW
5785,KTW
5786,LCA
5787,LCA
5788,LCA
5789,LJU
5790,LJU
5791,LTN
5792,LTN
5793,LTN
5794,LTN
5795,LTN
5796,LTN
5797,LTN
5798,LTN
5799,LTN
5800,LTN
5801,LTN
5802,LTN
5803,LTN
5804,LTN
5805,LTN
5806,LTN
5807,MAD
5808,MAD
5809,MAD
5810,MAD
5811,MAD
5812,MLA
5813,MMX
5814,MMX
5815,MMX
5816,MMX
5817,MXP
5818,MXP
5819,NYO
5820,NYO
5821,NYO
5822,NYO
5823,OTP
5824,OTP
5825,OTP
5826,OTP
5827,OTP
5828,OTP
5829,OTP
5830,OTP
5831,OTP
5832,PRG
5833,PRG
5834,PRG
5835,RIX
5836,RIX
5837,SOF
5838,SOF
5839,SOF
5840,SOF
5841,SOF
5842,SOF
5843,SOF
5844,SOF
5845,TSR
5846,TSR
5847,TSR
5848,TSR
5849,VAR
5850,VNO
5851,VNO
5852,VNO
5853,VNO
5854,VNO
5855,WAW
5856,WAW
5857,WAW
5858,WAW
5859,WAW
5860,WAW
5861,WAW
5862,WAW
5863,WAW
5864,WAW
5865,WRO
5866,ATL
5867,ATL
5868,ATL
5869,ATL
5870,ATL
5871,DEN
5872,DEN
5873,DEN
5874,DEN
5875,DEN
5876,DEN
5877,LAS
5878,LAS
5879,LAS
5880,LAS
5881,LAS
5882,LAS
5883,LAX
5884,LAX
5885,LAX
5886,LAX
5887,MCO
5888,MCO
5889,MCO
5890,SEA
5891,SEA
5892,SFO
5893,SFO
5894,SFO
5895,SFO
5896,ATL
5897,CWL
5898,CWL
5899,CWL
5900,EDI
5901,GLA
5902,ORY
5903,DUS
5904,DUS
5905,FAO
5906,FAO
5907,FAO
5908,FNC
5909,FRA
5910,FRA
5911,FRA
5912,HAM
5913,MUC
5914,MUC
5915,MUC
5916,PMI
5917,PMI
5918,PMI
5919,AGP
5920,AGP
5921,AGP
5922,ALC
5923,ALC
5924,ALC
5925,BCN
5926,BCN
5927,DBV
5928,DBV
5929,FAO
5930,FAO
5931,FAO
5932,FCO
5933,FNC
5934,LCA
5935,LCA
5936,LCA
5937,LGW
5938,LGW
5939,LGW
5940,LGW
5941,LGW
5942,LGW
5943,LGW
5944,LGW
5945,LGW
5946,LGW
5947,LGW
5948,LTN
5949,LTN
5950,LTN
5951,LTN
5952,LTN
5953,LTN
5954,MAN
5955,MAN
5956,MAN
5957,MAN
5958,MAN
5959,MAN
5960,MAN
5961,MAN
5962,MAN
5963,NCE
5964,PFO
5965,PFO
5966,PMI
5967,PMI
5968,PMI
5969,VCE
5970,VCE
5971,CDG
5972,FAO
5973,FNC
5974,LIS
5975,OPO
5976,ORY
5977,ORY
5978,ORY
