Route_ID,Dest_Airport
1,LAX
2,LAS
3,TXL
4,HAM
5,DUS
6,HAM
7,DUS
8,HAM
9,HAM
10,HAM
11,DUS
12,HAM
13,TXL
14,DUS
15,DUS
16,HAM
17,TXL
18,DUS
19,ARN
20,BCN
21,CTA
22,CWL
23,DBV
24,DUB
25,KTW
26,LYS
27,MAD
28,MXP
29,PMI
30,PRG
31,SPU
32,VCE
33,WAW
34,WRO
35,HAM
36,HAM
37,TXL
38,AMS
39,ARN
40,BCN
41,BUD
42,CDG
43,CTA
44,DBV
45,FAO
46,FCO
47,LHR
48,MAD
49,MAN
50,MXP
51,NCE
52,PMI
53,PRG
54,SPU
55,TLS
56,VCE
57,VIE
58,TXL
59,DUS
60,HAM
61,TXL
62,DUS
63,DUS
64,HAM
65,HAM
66,DUS
67,HAM
68,HAM
69,TXL
70,DUS
71,HAM
72,TXL
73,DUS
74,HAM
75,DUS
76,HAM
77,TXL
78,HAM
79,AGP
80,CTA
81,DBV
82,FCO
83,HEL
84,LHR
85,NCE
86,PMI
87,SPU
88,VIE
89,DUS
90,HAM
91,HAM
92,TXL
93,DUS
94,DUS
95,LYS
96,LYS
97,LYS
98,BRU
99,FCO
100,GOT
101,MXP
102,PRG
103,VCE
104,LYS
105,TLS
106,LYS
107,NCE
108,LYS
109,LHR
110,LHR
111,LHR
112,LHR
113,DFW
114,LHR
115,ORD
116,JFK
117,LHR
118,LHR
119,LHR
120,LHR
121,DFW
122,JFK
123,LHR
124,ORD
125,LHR
126,DFW
127,LAX
128,LHR
129,ORD
130,SEA
131,ATL
132,CDG
133,DEN
134,FRA
135,JFK
136,LAS
137,LAX
138,LHR
139,MAD
140,MCO
141,ORD
142,SEA
143,SFO
144,JFK
145,LHR
146,ORD
147,JFK
148,LAX
149,LHR
150,ORD
151,LHR
152,JFK
153,LHR
154,ORD
155,DFW
156,LHR
157,LHR
158,LHR
159,LHR
160,JFK
161,LHR
162,MAN
163,BCN
164,CDG
165,DFW
166,DUB
167,DUS
168,FCO
169,HEL
170,LAS
171,LAX
172,LHR
173,MAD
174,MAN
175,MCO
176,MXP
177,ORD
178,ORY
179,SEA
180,SFO
181,TXL
182,DFW
183,JFK
184,LAX
185,LGW
186,LHR
187,ORD
188,DEN
189,DFW
190,DUS
191,JFK
192,LAS
193,LHR
194,MAD
195,MCO
196,ORD
197,SEA
198,SFO
199,LHR
200,LAS
201,MCO
202,ABZ
203,AGP
204,AMS
205,ARN
206,ATL
207,BCN
208,BHD
209,BRU
210,BUD
211,CDG
212,CPH
213,DEN
214,DFW
215,DUB
216,DUS
217,EDI
218,FCO
219,FRA
220,GLA
221,GOT
222,HAM
223,HEL
224,JFK
225,LAS
226,LAX
227,LCA
228,LIS
229,LUX
230,LYS
231,MAN
232,MUC
233,MXP
234,NCE
235,ORD
236,OTP
237,PRG
238,RTM
239,SEA
240,SFO
241,SOF
242,TLS
243,TXL
244,VCE
245,VIE
246,WAW
247,ZAG
248,LHR
249,LHR
250,LHR
251,DFW
252,JFK
253,LAX
254,ORD
255,HEL
256,JFK
257,LHR
258,ORD
259,DFW
260,JFK
261,LAX
262,LGW
263,ORD
264,SEA
265,LHR
266,JFK
267,LHR
268,LHR
269,ATL
270,CDG
271,DEN
272,DFW
273,DUB
274,DUS
275,FCO
276,JFK
277,LAS
278,LAX
279,LHR
280,MAD
281,MAN
282,MCO
283,SEA
284,SFO
285,TXL
286,JFK
287,LHR
288,LHR
289,LHR
290,DEN
291,DFW
292,JFK
293,LAX
294,LHR
295,MCO
296,ORD
297,SFO
298,DFW
299,JFK
300,LAX
301,LHR
302,ORD
303,SEA
304,LHR
305,LHR
306,JFK
307,LHR
308,ORD
309,LHR
310,LHR
311,LHR
312,LHR
313,DUS
314,HAM
315,MUC
316,PMI
317,TXL
318,VIE
319,DUS
320,FRA
321,HAM
322,MUC
323,PMI
324,TXL
325,TXL
326,VIE
327,DUS
328,TXL
329,VIE
330,TXL
331,VIE
332,DUS
333,PMI
334,TXL
335,VIE
336,DUS
337,FRA
338,MUC
339,TXL
340,FRA
341,AGP
342,ALC
343,BCN
344,CPH
345,CTA
346,FAO
347,FCO
348,FNC
349,HAM
350,HEL
351,JFK
352,LAX
353,MAD
354,MUC
355,MXP
356,NCE
357,ORD
358,PDL
359,PMI
360,RIX
361,STN
362,SZG
363,TXL
364,VCE
365,VIE
366,DUS
367,HAM
368,MUC
369,PMI
370,TXL
371,DUS
372,TXL
373,VIE
374,DUS
375,MUC
376,TXL
377,VIE
378,ALC
379,CTA
380,DFW
381,HEL
382,LHR
383,MAD
384,PMI
385,RIX
386,TXL
387,VIE
388,TXL
389,TXL
390,PMI
391,TXL
392,AGP
393,ALC
394,DUS
395,FAO
396,HEL
397,LHR
398,MUC
399,PMI
400,RIX
401,SZG
402,VIE
403,DUS
404,FRA
405,HAM
406,MUC
407,TXL
408,VIE
409,PMI
410,DUS
411,TXL
412,TXL
413,DUS
414,VIE
415,SZG
416,FRA
417,HAM
418,MUC
419,ORY
420,TXL
421,VIE
422,DUS
423,FRA
424,MUC
425,TXL
426,VIE
427,VIE
428,AGP
429,ALC
430,CTA
431,DUS
432,FAO
433,FNC
434,HAM
435,HEL
436,LHR
437,MAD
438,PMI
439,RIX
440,TXL
441,VIE
442,DUS
443,TXL
444,VIE
445,DUS
446,VIE
447,DUS
448,TXL
449,LHR
450,TXL
451,TXL
452,DUS
453,AGP
454,ALC
455,CPH
456,DUS
457,FAO
458,FRA
459,GRZ
460,HAM
461,INN
462,MUC
463,SZG
464,TXL
465,VIE
466,DUS
467,FRA
468,HAM
469,MUC
470,TXL
471,TXL
472,DUS
473,DUS
474,HAM
475,LGW
476,PMI
477,TXL
478,VIE
479,AGP
480,ALC
481,ARN
482,BCN
483,BUD
484,CPH
485,CTA
486,DUS
487,FAO
488,FCO
489,FNC
490,FRA
491,GDN
492,GOT
493,GRZ
494,HEL
495,JFK
496,KRK
497,LHR
498,MAD
499,MUC
500,MXP
501,ORD
502,ORY
503,OTP
504,PMI
505,RIX
506,SOF
507,SZG
508,VCE
509,VIE
510,WAW
511,DUS
512,TXL
513,AGP
514,ARN
515,BCN
516,CDG
517,CPH
518,DUS
519,FCO
520,FNC
521,FRA
522,HAM
523,HEL
524,LCA
525,LHR
526,MAD
527,MLA
528,MUC
529,MXP
530,NCE
531,PMI
532,SZG
533,TXL
534,TXL
535,CPH
536,DEN
537,AMS
538,VNO
539,WAW
540,ATL
541,LCA
542,VNO
543,CPH
544,FRA
545,SOF
546,CPH
547,FRA
548,CPH
549,CDG
550,CDG
551,CDG
552,LYS
553,NCE
554,TLS
555,CDG
556,BRU
557,CDG
558,DEN
559,DFW
560,DUB
561,DUS
562,FCO
563,FRA
564,JFK
565,LAS
566,LAX
567,LHR
568,MAD
569,MAN
570,MCO
571,MUC
572,ORD
573,SEA
574,SFO
575,CDG
576,JFK
577,CDG
578,ATL
579,JFK
580,LYS
581,CDG
582,ABZ
583,AGP
584,AMS
585,ARN
586,ATL
587,BCN
588,BLL
589,BUD
590,CPH
591,DUB
592,DUS
593,EDI
594,FCO
595,FRA
596,GOT
597,HAM
598,HEL
599,JFK
600,LAX
601,LCA
602,LHR
603,LIS
604,LJU
605,LUX
606,LYS
607,MAD
608,MAN
609,MLA
610,MUC
611,NCE
612,ORD
613,OTP
614,PRG
615,RIX
616,SEA
617,SFO
618,SOF
619,TLS
620,TXL
621,VCE
622,VIE
623,WAW
624,ZAG
625,CDG
626,EDI
627,GLA
628,ORY
629,ATL
630,ATL
631,ATL
632,CDG
633,JFK
634,ATL
635,CDG
636,CDG
637,CWL
638,ATL
639,CDG
640,LYS
641,NCE
642,TLS
643,ATL
644,CDG
645,JFK
646,CWL
647,CDG
648,LYS
649,CDG
650,TLS
651,CDG
652,ATL
653,BCN
654,BRU
655,CDG
656,DUB
657,FRA
658,LHR
659,MAD
660,NCE
661,ATL
662,ATL
663,CDG
664,CDG
665,ATL
666,CDG
667,JFK
668,SEA
669,CDG
670,CDG
671,CDG
672,AMS
673,BRU
674,CDG
675,FCO
676,GOT
677,MLA
678,MXP
679,NCE
680,ORY
681,PRG
682,TLS
683,VCE
684,VIE
685,ATL
686,CDG
687,JFK
688,ORY
689,ATL
690,CDG
691,ATL
692,CDG
693,LYS
694,ORY
695,TLS
696,ATL
697,CDG
698,LYS
699,AMS
700,CDG
701,FCO
702,JFK
703,LYS
704,ORY
705,VCE
706,ATL
707,CDG
708,CWL
709,LYS
710,MAD
711,MLA
712,NCE
713,PMI
714,TLS
715,CDG
716,ORY
717,CDG
718,LYS
719,CDG
720,ATL
721,CDG
722,LHR
723,ATL
724,CDG
725,CDG
726,AMS
727,CDG
728,FCO
729,HAM
730,LYS
731,MLA
732,ORY
733,VCE
734,CDG
735,CDG
736,LYS
737,NCE
738,TLS
739,CDG
740,LYS
741,CDG
742,CDG
743,LHR
744,JFK
745,CDG
746,DEN
747,FCO
748,JFK
749,MAD
750,MCO
751,SEA
752,MAD
753,ATL
754,LYS
755,TLS
756,ATL
757,ATL
758,ATL
759,ATL
760,BRU
761,ATL
762,ATL
763,ATL
764,CTA
765,CTA
766,VCE
767,AMS
768,CDG
769,DUS
770,LGW
771,LYS
772,MXP
773,TXL
774,VCE
775,VIE
776,CTA
777,CTA
778,CTA
779,CTA
780,VCE
781,CTA
782,CPH
783,CTA
784,PRG
785,CTA
786,LAX
787,SEA
788,LAX
789,SEA
790,LAX
791,SEA
792,SFO
793,LAX
794,SEA
795,SFO
796,SEA
797,ATL
798,DEN
799,DFW
800,JFK
801,MCO
802,ORD
803,SEA
804,SFO
805,LAX
806,SEA
807,LAX
808,SEA
809,SFO
810,ATL
811,DEN
812,DFW
813,JFK
814,LAS
815,LAX
816,MCO
817,ORD
818,SFO
819,DFW
820,JFK
821,LAX
822,ORD
823,SEA
824,CPH
825,HEL
826,HEL
827,LIS
828,OPO
829,HEL
830,LHR
831,TXL
832,VIE
833,LHR
834,HEL
835,JFK
836,GOT
837,HEL
838,MMX
839,HEL
840,LIS
841,HEL
842,DFW
843,HEL
844,JFK
845,ORD
846,DUS
847,HEL
848,TXL
849,VIE
850,DUS
851,MUC
852,TXL
853,HEL
854,LHR
855,CDG
856,FRA
857,LHR
858,MAD
859,JFK
860,ORD
861,CPH
862,CTA
863,HEL
864,ORD
865,SZG
866,HEL
867,JFK
868,ORD
869,DFW
870,HEL
871,MAD
872,BMA
873,HEL
874,TXL
875,HEL
876,SZG
877,AGP
878,AMS
879,ARN
880,BCN
881,BMA
882,BRU
883,BUD
884,CDG
885,CPH
886,DBV
887,DUS
888,FCO
889,FRA
890,GOT
891,HAM
892,JFK
893,KRK
894,LHR
895,LIS
896,LJU
897,MAD
898,MAN
899,MUC
900,MXP
901,NCE
902,OUL
903,PRG
904,RIX
905,TLL
906,TXL
907,VIE
908,VNO
909,WAW
910,BCN
911,CDG
912,DUB
913,FCO
914,HEL
915,LHR
916,MAD
917,MAN
918,MXP
919,HEL
920,LGW
921,LHR
922,LHR
923,MAD
924,LAS
925,MCO
926,ARN
927,ATL
928,DEN
929,DFW
930,HEL
931,JFK
932,LAS
933,LAX
934,LIS
935,ORD
936,SEA
937,SFO
938,AMS
939,BRU
940,HEL
941,LHR
942,HEL
943,DFW
944,FRA
945,HEL
946,JFK
947,LAX
948,ORD
949,HEL
950,JFK
951,ORD
952,LGW
953,BMA
954,CTA
955,HEL
956,HEL
957,JFK
958,HEL
959,CDG
960,DUB
961,DUS
962,FCO
963,LHR
964,MAD
965,MAN
966,TXL
967,HEL
968,HEL
969,HEL
970,LHR
971,LHR
972,TXL
973,DUS
974,HAM
975,TXL
976,HEL
977,ARN
978,CPH
979,CTA
980,GOT
981,HEL
982,OTP
983,SOF
984,SZG
985,ARN
986,CPH
987,HEL
988,HEL
989,HEL
990,AMS
991,CDG
992,FCO
993,AAL
994,ARN
995,BLL
996,CPH
997,CTA
998,CWL
999,DUS
1000,FCO
1001,GLA
1002,HAM
1003,HEL
1004,TXL
1005,VCE
1006,AMS
1007,CDG
1008,CDG
1009,DEN
1010,DFW
1011,FCO
1012,JFK
1013,LAS
1014,LAX
1015,MCO
1016,ORD
1017,SEA
1018,FCO
1019,PMI
1020,AMS
1021,CDG
1022,FCO
1023,FCO
1024,ABZ
1025,ARN
1026,ATL
1027,BLL
1028,CPH
1029,CTA
1030,DUB
1031,DUS
1032,EDI
1033,FCO
1034,GOT
1035,HAM
1036,JFK
1037,LAX
1038,LIS
1039,MAN
1040,PRG
1041,SEA
1042,SFO
1043,TLS
1044,TXL
1045,VCE
1046,OTP
1047,AMS
1048,CDG
1049,FCO
1050,VCE
1051,AMS
1052,CDG
1053,DUS
1054,FCO
1055,LGW
1056,LYS
1057,MXP
1058,TXL
1059,VCE
1060,VIE
1061,AMS
1062,ATL
1063,ATL
1064,CDG
1065,AMS
1066,CDG
1067,CTA
1068,CDG
1069,AGP
1070,AMS
1071,ATL
1072,BCN
1073,BRU
1074,BUD
1075,CDG
1076,CPH
1077,CTA
1078,FRA
1079,IAS
1080,JFK
1081,LAX
1082,LHR
1083,LIS
1084,LUX
1085,LYS
1086,MAD
1087,MLA
1088,MUC
1089,MXP
1090,NCE
1091,OPO
1092,ORD
1093,OTP
1094,PRG
1095,RIX
1096,SOF
1097,TLS
1098,VCE
1099,VIE
1100,WAW
1101,FCO
1102,AMS
1103,CDG
1104,AMS
1105,CDG
1106,AMS
1107,FCO
1108,OTP
1109,ATL
1110,CDG
1111,FCO
1112,MXP
1113,VCE
1114,ATL
1115,CDG
1116,FCO
1117,CTA
1118,FCO
1119,CDG
1120,FCO
1121,MXP
1122,VCE
1123,FCO
1124,MXP
1125,CTA
1126,FCO
1127,MXP
1128,TLS
1129,FCO
1130,PMI
1131,CDG
1132,ATL
1133,FCO
1134,FCO
1135,CTA
1136,FCO
1137,JFK
1138,LIS
1139,LUX
1140,LYS
1141,OPO
1142,RIX
1143,SOF
1144,FCO
1145,VCE
1146,FCO
1147,MXP
1148,ATL
1149,FCO
1150,CLJ
1151,FCO
1152,IAS
1153,TSR
1154,BCN
1155,MAD
1156,CDG
1157,FCO
1158,VCE
1159,FCO
1160,MXP
1161,VCE
1162,ATL
1163,CDG
1164,ATL
1165,CDG
1166,FCO
1167,MXP
1168,CDG
1169,FCO
1170,LYS
1171,VCE
1172,OTP
1173,AMS
1174,CDG
1175,CTA
1176,AMS
1177,CDG
1178,CPH
1179,CTA
1180,FCO
1181,JFK
1182,LIS
1183,NCE
1184,PRG
1185,RIX
1186,TLS
1187,CTA
1188,FCO
1189,FCO
1190,JFK
1191,DEN
1192,LAS
1193,LAX
1194,MCO
1195,MXP
1196,ORD
1197,SEA
1198,SFO
1199,JFK
1200,JFK
1201,JFK
1202,JFK
1203,JFK
1204,JFK
1205,JFK
1206,LHR
1207,LGW
1208,LHR
1209,LGW
1210,LGW
1211,LHR
1212,LHR
1213,DFW
1214,LHR
1215,ORD
1216,JFK
1217,LGW
1218,LHR
1219,LHR
1220,BRU
1221,DUS
1222,MAN
1223,MUC
1224,BLL
1225,LHR
1226,LHR
1227,DFW
1228,JFK
1229,LHR
1230,ORD
1231,LHR
1232,LGW
1233,LGW
1234,LHR
1235,ATL
1236,CDG
1237,FRA
1238,LHR
1239,MAD
1240,JFK
1241,LHR
1242,ORD
1243,BLL
1244,LHR
1245,ORD
1246,LGW
1247,LHR
1248,LGW
1249,LHR
1250,JFK
1251,LGW
1252,LHR
1253,ORD
1254,ATL
1255,DFW
1256,LHR
1257,LGW
1258,LHR
1259,LHR
1260,MAN
1261,LHR
1262,JFK
1263,LHR
1264,MAN
1265,VNO
1266,WAW
1267,BCN
1268,CDG
1269,DUB
1270,FCO
1271,HEL
1272,LHR
1273,MAD
1274,MAN
1275,MXP
1276,ORY
1277,LGW
1278,LHR
1279,LHR
1280,MAD
1281,LGW
1282,LHR
1283,AGP
1284,ALC
1285,AMS
1286,BCN
1287,CTA
1288,DBV
1289,EDI
1290,FAO
1291,FCO
1292,GLA
1293,LAS
1294,LCA
1295,MCO
1296,MLA
1297,NCE
1298,PFO
1299,SZG
1300,VCE
1301,ABZ
1302,AGP
1303,AMS
1304,ARN
1305,ATL
1306,BCN
1307,BHD
1308,BRU
1309,BUD
1310,CDG
1311,CPH
1312,DEN
1313,DFW
1314,DUB
1315,DUS
1316,EDI
1317,FAO
1318,FCO
1319,FRA
1320,GLA
1321,GOT
1322,HAM
1323,HEL
1324,JFK
1325,LAS
1326,LAX
1327,LCA
1328,LIS
1329,LUX
1330,LYS
1331,MAD
1332,MAN
1333,MUC
1334,MXP
1335,NCE
1336,OPO
1337,ORD
1338,ORY
1339,OTP
1340,PMI
1341,PRG
1342,RTM
1343,SEA
1344,SFO
1345,SOF
1346,TLS
1347,TXL
1348,VCE
1349,VIE
1350,WAW
1351,ZAG
1352,LHR
1353,LHR
1354,LHR
1355,DFW
1356,JFK
1357,LAX
1358,LHR
1359,ORD
1360,BLL
1361,GOT
1362,HEL
1363,JFK
1364,LHR
1365,ORD
1366,LGW
1367,LGW
1368,BLL
1369,LHR
1370,JFK
1371,LHR
1372,LGW
1373,LHR
1374,LHR
1375,ATL
1376,CDG
1377,DUB
1378,DUS
1379,FCO
1380,LHR
1381,MAD
1382,MAN
1383,JFK
1384,LHR
1385,LHR
1386,LGW
1387,LHR
1388,LHR
1389,LHR
1390,LHR
1391,LHR
1392,LHR
1393,LGW
1394,LHR
1395,LHR
1396,LGW
1397,LHR
1398,LHR
1399,HEL
1400,HEL
1401,LHR
1402,LHR
1403,BHD
1404,CDG
1405,MAN
1406,ABZ
1407,CWL
1408,EDI
1409,GLA
1410,MAN
1411,ABZ
1412,EDI
1413,MAN
1414,BHD
1415,MAN
1416,BHD
1417,CDG
1418,MAN
1419,BHD
1420,MAN
1421,ABZ
1422,BHD
1423,CDG
1424,DUS
1425,EDI
1426,GLA
1427,MXP
1428,MAN
1429,FRA
1430,FCO
1431,GOT
1432,MAN
1433,ABZ
1434,RIX
1435,RIX
1436,RIX
1437,RIX
1438,RIX
1439,RIX
1440,VNO
1441,RIX
1442,RIX
1443,RIX
1444,RIX
1445,RIX
1446,RIX
1447,RIX
1448,RIX
1449,RIX
1450,RIX
1451,RIX
1452,RIX
1453,RIX
1454,RIX
1455,RIX
1456,RIX
1457,ABZ
1458,AMS
1459,ARN
1460,BCN
1461,BLL
1462,BRU
1463,BUD
1464,CDG
1465,CPH
1466,DUS
1467,FCO
1468,FRA
1469,GOT
1470,HAM
1471,HEL
1472,LCA
1473,LGW
1474,MLA
1475,MUC
1476,MXP
1477,NCE
1478,PRG
1479,TLL
1480,TXL
1481,VCE
1482,VIE
1483,VNO
1484,WAW
1485,RIX
1486,RIX
1487,RIX
1488,RIX
1489,BRU
1490,RIX
1491,RIX
1492,FCO
1493,CTA
1494,MXP
1495,FCO
1496,GOT
1497,HEL
1498,VIE
1499,FRA
1500,CPH
1501,ARN
1502,ARN
1503,BCN
1504,LHR
1505,MAN
1506,DFW
1507,LAX
1508,SFO
1509,ATL
1510,AMS
1511,ATL
1512,ORD
1513,ATL
1514,LCA
1515,LCA
1516,LCA
1517,AMS
1518,CDG
1519,FRA
1520,LHR
1521,MUC
1522,OTP
1523,SOF
1524,LCA
1525,FRA
1526,LCA
1527,LCA
1528,LCA
1529,FNC
1530,LCA
1531,PMI
1532,DUS
1533,FRA
1534,HAM
1535,MUC
1536,DBV
1537,FNC
1538,LAS
1539,PMI
1540,SEA
1541,SPU
1542,MCO
1543,FNC
1544,PMI
1545,FRA
1546,MAN
1547,DUS
1548,LAS
1549,MCO
1550,PMI
1551,GLA
1552,MAN
1553,FNC
1554,PMI
1555,DUS
1556,FRA
1557,HAM
1558,MAN
1559,MUC
1560,FRA
1561,FRA
1562,ATL
1563,DFW
1564,JFK
1565,LAX
1566,ORD
1567,SEA
1568,SFO
1569,AMS
1570,BRU
1571,CDG
1572,DEN
1573,DFW
1574,DUB
1575,DUS
1576,FCO
1577,FRA
1578,JFK
1579,LAS
1580,LAX
1581,LHR
1582,MAD
1583,MAN
1584,MCO
1585,MUC
1586,ORD
1587,SEA
1588,SFO
1589,JFK
1590,ATL
1591,JFK
1592,PRG
1593,ATL
1594,JFK
1595,LAX
1596,LYS
1597,ORD
1598,SEA
1599,SFO
1600,TLS
1601,ATL
1602,JFK
1603,AMS
1604,ATL
1605,JFK
1606,ATL
1607,JFK
1608,ATL
1609,ATL
1610,JFK
1611,LAX
1612,ORD
1613,ATL
1614,JFK
1615,MCO
1616,AMS
1617,AMS
1618,ATL
1619,BCN
1620,BRU
1621,CDG
1622,DEN
1623,DFW
1624,DUB
1625,FCO
1626,FRA
1627,LAS
1628,LAX
1629,LHR
1630,MAD
1631,MCO
1632,MXP
1633,NCE
1634,ORD
1635,SEA
1636,SFO
1637,VCE
1638,ATL
1639,JFK
1640,LAX
1641,LGW
1642,MAN
1643,MCO
1644,SEA
1645,AMS
1646,ATL
1647,CDG
1648,FCO
1649,JFK
1650,LAS
1651,LHR
1652,MCO
1653,SEA
1654,SFO
1655,LAS
1656,MCO
1657,ATL
1658,JFK
1659,LAX
1660,ORD
1661,SEA
1662,SFO
1663,ATL
1664,JFK
1665,ATL
1666,LAS
1667,MCO
1668,ATL
1669,GLA
1670,JFK
1671,LAS
1672,LAX
1673,LGW
1674,MAN
1675,ATL
1676,JFK
1677,JFK
1678,AMS
1679,ATL
1680,CDG
1681,FCO
1682,JFK
1683,LHR
1684,AMS
1685,ATL
1686,CDG
1687,JFK
1688,LAS
1689,LAX
1690,LHR
1691,SFO
1692,AMS
1693,ATL
1694,CDG
1695,JFK
1696,LAX
1697,LHR
1698,SEA
1699,JFK
1700,BLL
1701,AAL
1702,AGP
1703,ALC
1704,CPH
1705,LGW
1706,PMI
1707,AAL
1708,ARN
1709,CPH
1710,GOT
1711,HAM
1712,HEL
1713,LGW
1714,MUC
1715,WAW
1716,AAL
1717,ARN
1718,BLL
1719,CPH
1720,GOT
1721,HAM
1722,HEL
1723,LGW
1724,MUC
1725,OUL
1726,ARN
1727,CPH
1728,AGP
1729,ALC
1730,AMS
1731,BCN
1732,BUD
1733,CPH
1734,CTA
1735,DBV
1736,EDI
1737,FAO
1738,FCO
1739,GOT
1740,HEL
1741,JFK
1742,KRK
1743,LAX
1744,LCA
1745,LGW
1746,MAN
1747,MMX
1748,MUC
1749,NCE
1750,ORY
1751,PMI
1752,PRG
1753,RIX
1754,SPU
1755,VCE
1756,VNO
1757,ARN
1758,CPH
1759,GOT
1760,HAM
1761,HEL
1762,LGW
1763,WAW
1764,ALC
1765,CPH
1766,HEL
1767,ARN
1768,CPH
1769,HEL
1770,LGW
1771,AAL
1772,AGP
1773,ALC
1774,AMS
1775,ARN
1776,BCN
1777,BOJ
1778,BUD
1779,CTA
1780,DUB
1781,EDI
1782,FAO
1783,FCO
1784,HEL
1785,JFK
1786,KRK
1787,LAX
1788,LGW
1789,LIS
1790,MAD
1791,MLA
1792,NCE
1793,ORY
1794,PMI
1795,PRG
1796,RIX
1797,SPU
1798,VCE
1799,ZAG
1800,ARN
1801,CPH
1802,LGW
1803,ARN
1804,HEL
1805,LGW
1806,CPH
1807,HEL
1808,ARN
1809,CPH
1810,ARN
1811,CPH
1812,LGW
1813,ARN
1814,CPH
1815,GOT
1816,HEL
1817,LGW
1818,AGP
1819,ALC
1820,ARN
1821,BCN
1822,FCO
1823,LGW
1824,NCE
1825,AGP
1826,ALC
1827,BCN
1828,AGP
1829,ALC
1830,ARN
1831,BCN
1832,BOJ
1833,BUD
1834,CPH
1835,DBV
1836,DUB
1837,FCO
1838,LGW
1839,NCE
1840,ORY
1841,OUL
1842,PMI
1843,PRG
1844,SPU
1845,ARN
1846,CPH
1847,ARN
1848,CPH
1849,ARN
1850,CPH
1851,ARN
1852,LGW
1853,AAL
1854,AGP
1855,ALC
1856,ARN
1857,BCN
1858,BUD
1859,CPH
1860,CTA
1861,DBV
1862,FAO
1863,FCO
1864,GOT
1865,HEL
1866,LCA
1867,NCE
1868,PMI
1869,SPU
1870,CPH
1871,CPH
1872,ARN
1873,CPH
1874,ARN
1875,AGP
1876,ALC
1877,ARN
1878,ARN
1879,CPH
1880,GOT
1881,HEL
1882,LGW
1883,ARN
1884,CPH
1885,HEL
1886,ALC
1887,HEL
1888,AAL
1889,ARN
1890,CPH
1891,HEL
1892,LGW
1893,ARN
1894,CPH
1895,HEL
1896,ARN
1897,CPH
1898,ARN
1899,CPH
1900,HEL
1901,LGW
1902,ARN
1903,CPH
1904,ARN
1905,AGP
1906,BCN
1907,CPH
1908,BCN
1909,DUB
1910,BHD
1911,DUB
1912,ORK
1913,SNN
1914,DUB
1915,ORK
1916,DUB
1917,ORK
1918,DUB
1919,ORD
1920,DUB
1921,ORK
1922,AGP
1923,FAO
1924,LGW
1925,LHR
1926,PMI
1927,DUB
1928,DUB
1929,ORK
1930,DUB
1931,DUB
1932,ORK
1933,DUB
1934,DUB
1935,DUB
1936,DUB
1937,ABZ
1938,AGP
1939,ALC
1940,AMS
1941,ARN
1942,BCN
1943,BOJ
1944,BRU
1945,BUD
1946,CDG
1947,CPH
1948,CTA
1949,CWL
1950,DBV
1951,DUS
1952,EDI
1953,FAO
1954,FCO
1955,FRA
1956,GLA
1957,HAM
1958,JFK
1959,LGW
1960,LHR
1961,LIS
1962,LYS
1963,MAD
1964,MAN
1965,MCO
1966,MUC
1967,MXP
1968,NCE
1969,ORD
1970,PMI
1971,PRG
1972,SFO
1973,TLS
1974,VCE
1975,VIE
1976,WAW
1977,DUB
1978,DUB
1979,ORK
1980,SNN
1981,BHD
1982,DUB
1983,ORK
1984,SNN
1985,DUB
1986,DUB
1987,DUB
1988,ORK
1989,DUB
1990,DUB
1991,SNN
1992,BHD
1993,DUB
1994,BHD
1995,DUB
1996,ORK
1997,SNN
1998,DUB
1999,ORK
2000,DUB
2001,DUB
2002,DUB
2003,ORK
2004,SNN
2005,DUB
2006,DUB
2007,ORK
2008,DUB
2009,DUB
2010,ORK
2011,ATL
2012,DUB
2013,AGP
2014,ALC
2015,AMS
2016,BCN
2017,BRU
2018,CDG
2019,EDI
2020,FAO
2021,GLA
2022,LHR
2023,LIS
2024,MAN
2025,MUC
2026,NCE
2027,PMI
2028,BHD
2029,DUB
2030,ORK
2031,DUB
2032,DUB
2033,AGP
2034,EDI
2035,FAO
2036,JFK
2037,LHR
2038,MAN
2039,DUB
2040,DUB
2041,DUB
2042,DUB
2043,MXP
2044,MLA
2045,LCA
2046,JFK
2047,VCE
2048,MUC
2049,FRA
2050,CPH
2051,FRA
2052,HEL
2053,FRA
2054,CDG
2055,FRA
2056,FRA
2057,BRU
2058,ARN
2059,FRA
2060,FRA
2061,MXP
2062,AMS
2063,ARN
2064,BCN
2065,BRU
2066,BUD
2067,CPH
2068,DUS
2069,GOT
2070,HEL
2071,JFK
2072,LIS
2073,LYS
2074,MAD
2075,MUC
2076,MXP
2077,OTP
2078,PRG
2079,TLS
2080,TXL
2081,VIE
2082,WAW
2083,FRA
2084,ARN
2085,FRA
2086,FRA
2087,FRA
2088,FRA
2089,FRA
2090,FRA
2091,FCO
2092,FRA
2093,FRA
2094,FRA
2095,FRA
2096,FRA
2097,FRA
2098,FRA
2099,FRA
2100,AMS
2101,LIS
2102,OPO
2103,ORD
2104,FCO
2105,JFK
2106,TLS
2107,BUD
2108,MLA
2109,OTP
2110,CDG
2111,LAS
2112,JFK
2113,AGP
2114,AMS
2115,AMS
2116,ATL
2117,FCO
2118,DEN
2119,ATL
2120,DFW
2121,LAS
2122,LAX
2123,MCO
2124,SEA
2125,SFO
2126,DEN
2127,DEN
2128,DEN
2129,DEN
2130,DEN
2131,DEN
2132,SOF
2133,SOF
2134,SOF
2135,SOF
2136,VAR
2137,SOF
2138,SOF
2139,SOF
2140,SOF
2141,SOF
2142,SOF
2143,SOF
2144,SOF
2145,SOF
2146,SOF
2147,SOF
2148,SOF
2149,AGP
2150,AMS
2151,BCN
2152,BOJ
2153,BRU
2154,CDG
2155,FCO
2156,FRA
2157,LCA
2158,LHR
2159,MAD
2160,MXP
2161,OTP
2162,PFO
2163,PMI
2164,PRG
2165,TXL
2166,VAR
2167,VIE
2168,WAW
2169,SOF
2170,BOJ
2171,SOF
2172,SOF
2173,SOF
2174,DEN
2175,LAS
2176,LAX
2177,MCO
2178,SFO
2179,ATL
2180,LAS
2181,LAX
2182,MCO
2183,ATL
2184,DEN
2185,LAX
2186,SEA
2187,ATL
2188,DEN
2189,LAS
2190,ATL
2191,DEN
2192,DEN
2193,LAS
2194,ATL
2195,DEN
2196,BCN
2197,BGY
2198,BLL
2199,BRU
2200,BTS
2201,CRL
2202,DUB
2203,EDI
2204,EIN
2205,KRK
2206,MAN
2207,MMX
2208,NYO
2209,ORK
2210,PMI
2211,SNN
2212,STN
2213,WRO
2214,BGY
2215,BLL
2216,BRU
2217,CRL
2218,DUB
2219,EDI
2220,EIN
2221,KRK
2222,KTW
2223,KUN
2224,MAN
2225,NYO
2226,SNN
2227,STN
2228,WRO
2229,AGP
2230,BGY
2231,BRU
2232,BUD
2233,CRL
2234,DUB
2235,EDI
2236,FCO
2237,MAN
2238,NYO
2239,OPO
2240,PMI
2241,STN
2242,VNO
2243,AGP
2244,ALC
2245,BCN
2246,BLL
2247,BTS
2248,BUD
2249,CRL
2250,CTA
2251,DUB
2252,EIN
2253,KRK
2254,MAD
2255,MAN
2256,MLA
2257,NYO
2258,OPO
2259,PMI
2260,RIX
2261,STN
2262,TLL
2263,VNO
2264,WRO
2265,AGP
2266,ALC
2267,BGY
2268,BUD
2269,FAO
2270,MLA
2271,PMI
2272,STN
2273,STN
2274,AGP
2275,ALC
2276,BCN
2277,FCO
2278,LIS
2279,OPO
2280,PMI
2281,AGP
2282,BGY
2283,CRL
2284,DUB
2285,EDI
2286,LTN
2287,PMI
2288,STN
2289,BCN
2290,BGY
2291,BLL
2292,CRL
2293,DUB
2294,MAD
2295,MAN
2296,STN
2297,AGP
2298,ALC
2299,BCN
2300,BGY
2301,BTS
2302,BUD
2303,DUB
2304,EDI
2305,FAO
2306,KRK
2307,MAD
2308,MAN
2309,NYO
2310,OPO
2311,PFO
2312,PMI
2313,VNO
2314,BGY
2315,EIN
2316,FCO
2317,MAD
2318,AGP
2319,ALC
2320,BCN
2321,BGY
2322,BTS
2323,BUD
2324,CRL
2325,EDI
2326,EIN
2327,FAO
2328,GDN
2329,KRK
2330,KTW
2331,KUN
2332,LGW
2333,LIS
2334,LTN
2335,MAD
2336,MAN
2337,MLA
2338,NCE
2339,OPO
2340,OTP
2341,PMI
2342,PRG
2343,RIX
2344,STN
2345,VNO
2346,WRO
2347,AGP
2348,ALC
2349,BCN
2350,BTS
2351,CRL
2352,DUB
2353,FAO
2354,GDN
2355,KRK
2356,KUN
2357,MLA
2358,PMI
2359,AGP
2360,ALC
2361,BGY
2362,CTA
2363,DUB
2364,FAO
2365,KRK
2366,MLA
2367,OPO
2368,PMI
2369,STN
2370,BLL
2371,CRL
2372,DUB
2373,EDI
2374,EIN
2375,LIS
2376,MAN
2377,OPO
2378,ORK
2379,SNN
2380,STN
2381,BCN
2382,BRU
2383,CTA
2384,DUB
2385,EDI
2386,MAN
2387,ORK
2388,STN
2389,AGP
2390,ALC
2391,BGY
2392,CRL
2393,DUB
2394,EDI
2395,EIN
2396,MAD
2397,MAN
2398,MLA
2399,NYO
2400,PFO
2401,SNN
2402,STN
2403,ALC
2404,DUB
2405,STN
2406,ALC
2407,DUB
2408,EDI
2409,LGW
2410,LTN
2411,MLA
2412,PFO
2413,PMI
2414,STN
2415,DUB
2416,KUN
2417,ORK
2418,SNN
2419,BRU
2420,DUB
2421,FAO
2422,MAN
2423,OPO
2424,STN
2425,BTS
2426,DUB
2427,KUN
2428,MLA
2429,BGY
2430,BUD
2431,CRL
2432,CTA
2433,DUB
2434,KRK
2435,MAN
2436,MLA
2437,OPO
2438,PMI
2439,STN
2440,AGP
2441,ALC
2442,BCN
2443,BGY
2444,BUD
2445,CRL
2446,DUB
2447,FAO
2448,GDN
2449,KRK
2450,LIS
2451,MAD
2452,PFO
2453,PMI
2454,RIX
2455,TLL
2456,BGY
2457,BLL
2458,DUB
2459,EDI
2460,EIN
2461,KRK
2462,KUN
2463,LTN
2464,MAD
2465,NYO
2466,STN
2467,WRO
2468,AGP
2469,STN
2470,DUB
2471,SNN
2472,AGP
2473,ALC
2474,BCN
2475,BGY
2476,CRL
2477,KRK
2478,MLA
2479,PFO
2480,PMI
2481,STN
2482,BCN
2483,BGY
2484,BRU
2485,CRL
2486,DUB
2487,EIN
2488,FAO
2489,LIS
2490,MAD
2491,PMI
2492,STN
2493,AGP
2494,FAO
2495,GDN
2496,LGW
2497,PMI
2498,STN
2499,VNO
2500,WRO
2501,DUB
2502,STN
2503,CRL
2504,KRK
2505,KUN
2506,MAN
2507,NYO
2508,STN
2509,AGP
2510,BCN
2511,BGY
2512,BLL
2513,BRU
2514,BTS
2515,CRL
2516,DUB
2517,EDI
2518,EIN
2519,KUN
2520,MAD
2521,MAN
2522,NYO
2523,OPO
2524,ORK
2525,SNN
2526,STN
2527,DUB
2528,STN
2529,BGY
2530,DUB
2531,MAN
2532,STN
2533,AGP
2534,ALC
2535,FAO
2536,KRK
2537,LGW
2538,NCE
2539,PMI
2540,STN
2541,WRO
2542,AGP
2543,ALC
2544,BCN
2545,BGY
2546,BLL
2547,BRQ
2548,BTS
2549,BUD
2550,DUB
2551,EIN
2552,FAO
2553,GDN
2554,KRK
2555,KTW
2556,KUN
2557,LIS
2558,MAD
2559,MLA
2560,MMX
2561,NYO
2562,OPO
2563,ORK
2564,OTP
2565,PFO
2566,PMI
2567,PRG
2568,RIX
2569,SNN
2570,SZG
2571,TLL
2572,VNO
2573,WRO
2574,STN
2575,BGY
2576,MAN
2577,STN
2578,BCN
2579,BGY
2580,CRL
2581,DUB
2582,ORK
2583,STN
2584,AGP
2585,ALC
2586,BGY
2587,DUB
2588,MLA
2589,ORK
2590,SNN
2591,STN
2592,DFW
2593,LAS
2594,JFK
2595,SFO
2596,LAS
2597,VIE
2598,VIE
2599,VIE
2600,VIE
2601,VIE
2602,VIE
2603,VIE
2604,VIE
2605,PMI
2606,PMI
2607,VIE
2608,VIE
2609,VIE
2610,VIE
2611,VIE
2612,VIE
2613,GRZ
2614,INN
2615,SZG
2616,VIE
2617,PMI
2618,VIE
2619,AGP
2620,ARN
2621,BCN
2622,CDG
2623,CPH
2624,FCO
2625,FNC
2626,FRA
2627,LCA
2628,MAD
2629,MLA
2630,MUC
2631,MXP
2632,NCE
2633,PMI
2634,SZG
2635,PMI
2636,DUS
2637,BRU
2638,BRU
2639,BOJ
2640,DBV
2641,FNC
2642,PFO
2643,PMI
2644,VAR
2645,BRU
2646,AGP
2647,BRU
2648,PMI
2649,BRU
2650,BRU
2651,LGG
2652,BRU
2653,LUX
2654,DUS
2655,TXL
2656,BRU
2657,BCN
2658,CPH
2659,FCO
2660,MAD
2661,MXP
2662,TXL
2663,BRU
2664,TXL
2665,TXL
2666,BRU
2667,TXL
2668,TXL
2669,BRU
2670,TXL
2671,BRU
2672,ARN
2673,BRU
2674,CPH
2675,DUS
2676,FRA
2677,GOT
2678,MUC
2679,VIE
2680,TXL
2681,AMS
2682,EIN
2683,RTM
2684,AMS
2685,EIN
2686,RTM
2687,AGP
2688,ALC
2689,BCN
2690,CTA
2691,FAO
2692,FNC
2693,INN
2694,LIS
2695,MLA
2696,NCE
2697,OPO
2698,PFO
2699,PMI
2700,VCE
2701,AMS
2702,EIN
2703,RTM
2704,RTM
2705,EIN
2706,AMS
2707,AGP
2708,ALC
2709,BCN
2710,CPH
2711,FAO
2712,INN
2713,LIS
2714,MAD
2715,NCE
2716,PMI
2717,RTM
2718,TXL
2719,VCE
2720,AMS
2721,EIN
2722,RTM
2723,RTM
2724,AMS
2725,AMS
2726,EIN
2727,AMS
2728,EIN
2729,EIN
2730,RTM
2731,AMS
2732,AMS
2733,EIN
2734,RTM
2735,AMS
2736,AMS
2737,AMS
2738,EIN
2739,RTM
2740,RTM
2741,AGP
2742,ALC
2743,BCN
2744,BUD
2745,EIN
2746,FAO
2747,FCO
2748,MAD
2749,NCE
2750,PMI
2751,PRG
2752,SPU
2753,VIE
2754,RTM
2755,EIN
2756,AMS
2757,EIN
2758,RTM
2759,RIX
2760,JFK
2761,BCN
2762,LHR
2763,AMS
2764,BCN
2765,BRU
2766,CPH
2767,CWL
2768,FCO
2769,HAM
2770,LGW
2771,LYS
2772,MAD
2773,MUC
2774,ORY
2775,PMI
2776,TLS
2777,AMS
2778,BCN
2779,BRU
2780,CPH
2781,CWL
2782,FCO
2783,LGW
2784,MAD
2785,ORY
2786,PMI
2787,AGP
2788,ALC
2789,BCN
2790,PMI
2791,BCN
2792,LHR
2793,MAD
2794,LHR
2795,ORD
2796,AAL
2797,AGP
2798,ALC
2799,AMS
2800,ARN
2801,BRU
2802,CDG
2803,CPH
2804,CTA
2805,CWL
2806,DBV
2807,DUS
2808,EDI
2809,FCO
2810,FRA
2811,GOT
2812,HAM
2813,HEL
2814,JFK
2815,LGW
2816,LHR
2817,LIS
2818,LUX
2819,LYS
2820,MAD
2821,MLA
2822,MUC
2823,MXP
2824,NCE
2825,OPO
2826,ORY
2827,OTP
2828,PMI
2829,PRG
2830,TLS
2831,TXL
2832,VCE
2833,VIE
2834,WAW
2835,ZAG
2836,LHR
2837,AGP
2838,ALC
2839,BCN
2840,FCO
2841,LIS
2842,MAD
2843,OPO
2844,PMI
2845,VCE
2846,LHR
2847,BCN
2848,DFW
2849,JFK
2850,ORD
2851,AGP
2852,ALC
2853,BCN
2854,MAD
2855,BCN
2856,FCO
2857,AGP
2858,ALC
2859,BCN
2860,BCN
2861,LHR
2862,CDG
2863,FRA
2864,LHR
2865,MAD
2866,MAD
2867,ORD
2868,BCN
2869,MAD
2870,ORD
2871,BCN
2872,LHR
2873,AGP
2874,ALC
2875,BCN
2876,BRU
2877,CTA
2878,JFK
2879,MAD
2880,ORD
2881,ORY
2882,PRG
2883,BCN
2884,DFW
2885,MAD
2886,LHR
2887,BCN
2888,LHR
2889,AGP
2890,BCN
2891,BCN
2892,JFK
2893,MAD
2894,BCN
2895,CDG
2896,FCO
2897,HEL
2898,LHR
2899,MAD
2900,MAN
2901,MXP
2902,ORY
2903,LHR
2904,LHR
2905,MAD
2906,AGP
2907,ALC
2908,BCN
2909,MCO
2910,ABZ
2911,ARN
2912,ATL
2913,BCN
2914,BHD
2915,BUD
2916,DEN
2917,DFW
2918,EDI
2919,GLA
2920,GOT
2921,JFK
2922,LAS
2923,LAX
2924,MAD
2925,MAN
2926,ORD
2927,ORY
2928,PMI
2929,SEA
2930,SFO
2931,WAW
2932,BCN
2933,BRU
2934,MAD
2935,ORY
2936,BCN
2937,AGP
2938,BCN
2939,MAD
2940,PMI
2941,AGP
2942,ALC
2943,ARN
2944,BCN
2945,BRU
2946,CPH
2947,DFW
2948,DUB
2949,DUS
2950,FCO
2951,FRA
2952,HEL
2953,JFK
2954,LAX
2955,LHR
2956,LIS
2957,LYS
2958,MUC
2959,MXP
2960,NCE
2961,OPO
2962,ORD
2963,ORY
2964,PMI
2965,PRG
2966,SOF
2967,TLS
2968,TXL
2969,VCE
2970,VIE
2971,JFK
2972,LHR
2973,ORD
2974,LGW
2975,BCN
2976,AGP
2977,BCN
2978,MAD
2979,BCN
2980,JFK
2981,MAD
2982,BCN
2983,MAD
2984,BCN
2985,BRU
2986,MAD
2987,ORY
2988,ATL
2989,CDG
2990,DUB
2991,DUS
2992,FCO
2993,LHR
2994,MAD
2995,MAN
2996,AGP
2997,ALC
2998,BCN
2999,FCO
3000,JFK
3001,LHR
3002,LIS
3003,MAD
3004,OPO
3005,PMI
3006,BCN
3007,AGP
3008,ALC
3009,AMS
3010,BCN
3011,BRU
3012,LHR
3013,LYS
3014,MAD
3015,ORY
3016,TLS
3017,BCN
3018,FCO
3019,MAD
3020,LHR
3021,LHR
3022,MAD
3023,AGP
3024,BCN
3025,MAD
3026,PMI
3027,BCN
3028,MAD
3029,BCN
3030,BRU
3031,MAD
3032,BCN
3033,MAD
3034,BCN
3035,LHR
3036,BCN
3037,DUS
3038,FCO
3039,FRA
3040,MLA
3041,MUC
3042,TXL
3043,CTA
3044,FCO
3045,MXP
3046,VCE
3047,CTA
3048,DUS
3049,MLA
3050,MXP
3051,TXL
3052,VIE
3053,CTA
3054,CTA
3055,FCO
3056,CTA
3057,DUS
3058,FCO
3059,TXL
3060,VIE
3061,CTA
3062,FCO
3063,MXP
3064,VCE
3065,DUS
3066,TXL
3067,FCO
3068,MXP
3069,LYS
3070,TLS
3071,ATL
3072,LJU
3073,LJU
3074,LJU
3075,LJU
3076,LJU
3077,AMS
3078,BRU
3079,CDG
3080,CPH
3081,FRA
3082,MUC
3083,PRG
3084,VIE
3085,WAW
3086,LJU
3087,LJU
3088,LJU
3089,LJU
3090,GDN
3091,KRK
3092,GDN
3093,WRO
3094,WRO
3095,WAW
3096,AMS
3097,BRU
3098,HEL
3099,KRK
3100,WRO
3101,GDN
3102,AMS
3103,GDN
3104,WAW
3105,DBV
3106,SPU
3107,BRU
3108,CDG
3109,GDN
3110,JFK
3111,FCO
3112,ARN
3113,AMS
3114,AMS
3115,AAL
3116,ABZ
3117,ARN
3118,ATL
3119,BCN
3120,BLL
3121,BRU
3122,BUD
3123,CDG
3124,CPH
3125,CWL
3126,DFW
3127,DUS
3128,EDI
3129,FCO
3130,FRA
3131,GLA
3132,GOT
3133,HAM
3134,HEL
3135,JFK
3136,LAX
3137,LCA
3138,LHR
3139,LIS
3140,LUX
3141,LYS
3142,MAD
3143,MAN
3144,MUC
3145,NCE
3146,ORD
3147,OTP
3148,PRG
3149,RIX
3150,SEA
3151,SFO
3152,TLL
3153,TLS
3154,TXL
3155,VCE
3156,VIE
3157,WAW
3158,AMS
3159,AMS
3160,BRU
3161,DEN
3162,DFW
3163,DUB
3164,DUS
3165,FCO
3166,FRA
3167,JFK
3168,LAS
3169,LAX
3170,LHR
3171,MAD
3172,MAN
3173,MCO
3174,MUC
3175,ORD
3176,SEA
3177,SFO
3178,AMS
3179,JFK
3180,AMS
3181,AMS
3182,ATL
3183,JFK
3184,AMS
3185,AMS
3186,AMS
3187,AMS
3188,ATL
3189,AMS
3190,ATL
3191,ATL
3192,JFK
3193,AMS
3194,ATL
3195,AMS
3196,AMS
3197,ATL
3198,AMS
3199,ATL
3200,JFK
3201,AMS
3202,AMS
3203,AMS
3204,AMS
3205,AMS
3206,ATL
3207,BCN
3208,BRU
3209,DUB
3210,FRA
3211,LHR
3212,MAD
3213,ATL
3214,AMS
3215,ATL
3216,AMS
3217,AMS
3218,ATL
3219,JFK
3220,SEA
3221,AMS
3222,AMS
3223,AMS
3224,AMS
3225,ATL
3226,JFK
3227,AMS
3228,ATL
3229,ATL
3230,AMS
3231,ATL
3232,AMS
3233,AMS
3234,ATL
3235,AMS
3236,AMS
3237,AMS
3238,AMS
3239,ATL
3240,LHR
3241,AMS
3242,ATL
3243,SEA
3244,AMS
3245,AMS
3246,AMS
3247,AMS
3248,AMS
3249,AMS
3250,MLA
3251,CTA
3252,MLA
3253,MLA
3254,MLA
3255,BRU
3256,MLA
3257,MUC
3258,MLA
3259,MLA
3260,MLA
3261,MLA
3262,MLA
3263,MLA
3264,MLA
3265,MLA
3266,MLA
3267,MLA
3268,MLA
3269,AMS
3270,BRU
3271,BUD
3272,CDG
3273,CTA
3274,CWL
3275,DUS
3276,FCO
3277,FRA
3278,GLA
3279,HAM
3280,LCA
3281,LGW
3282,LHR
3283,LYS
3284,MAN
3285,MUC
3286,ORY
3287,PRG
3288,TXL
3289,VIE
3290,CTA
3291,MLA
3292,MLA
3293,MLA
3294,MLA
3295,MLA
3296,CDG
3297,FCO
3298,CDG
3299,LHR
3300,JFK
3301,MAD
3302,FRA
3303,LUX
3304,LUX
3305,LUX
3306,LUX
3307,LUX
3308,LUX
3309,LUX
3310,LUX
3311,LUX
3312,LUX
3313,LUX
3314,LUX
3315,LUX
3316,AGP
3317,ARN
3318,BCN
3319,CDG
3320,CPH
3321,CTA
3322,DBV
3323,DUB
3324,DUS
3325,FAO
3326,FCO
3327,FNC
3328,FRA
3329,LIS
3330,MAD
3331,MLA
3332,MUC
3333,MXP
3334,NCE
3335,OPO
3336,PMI
3337,TXL
3338,VAR
3339,VIE
3340,LUX
3341,LUX
3342,LUX
3343,LUX
3344,LUX
3345,LUX
3346,LUX
3347,LUX
3348,LUX
3349,LUX
3350,FRA
3351,DUS
3352,FRA
3353,MUC
3354,FRA
3355,MUC
3356,ORD
3357,DUS
3358,FRA
3359,MUC
3360,TXL
3361,FRA
3362,ORD
3363,FRA
3364,MUC
3365,TXL
3366,FRA
3367,FRA
3368,HAM
3369,JFK
3370,MUC
3371,MXP
3372,TXL
3373,VNO
3374,DUS
3375,FRA
3376,MUC
3377,DUS
3378,FRA
3379,MUC
3380,ORD
3381,TXL
3382,MUC
3383,DUS
3384,FRA
3385,MUC
3386,TXL
3387,MLA
3388,MUC
3389,DUS
3390,FRA
3391,MUC
3392,FRA
3393,FRA
3394,FRA
3395,MUC
3396,AGP
3397,ARN
3398,BUD
3399,CDG
3400,CPH
3401,DBV
3402,FCO
3403,FRA
3404,GLA
3405,GOT
3406,GRZ
3407,HAM
3408,LHR
3409,MAN
3410,MLA
3411,MUC
3412,NCE
3413,ORD
3414,OTP
3415,SPU
3416,TXL
3417,VIE
3418,WAW
3419,FRA
3420,FRA
3421,MUC
3422,DUS
3423,FRA
3424,MUC
3425,ABZ
3426,AGP
3427,AMS
3428,ARN
3429,ATL
3430,BCN
3431,BLL
3432,BRU
3433,BUD
3434,CDG
3435,CPH
3436,DBV
3437,DEN
3438,DFW
3439,DUB
3440,DUS
3441,EDI
3442,FAO
3443,FCO
3444,GDN
3445,GOT
3446,GRZ
3447,HAM
3448,HEL
3449,INN
3450,JFK
3451,KRK
3452,KTW
3453,LAX
3454,LCA
3455,LHR
3456,LIS
3457,LJU
3458,LYS
3459,MAD
3460,MAN
3461,MCO
3462,MLA
3463,MUC
3464,MXP
3465,NCE
3466,OPO
3467,ORD
3468,OTP
3469,PMI
3470,PRG
3471,RIX
3472,SEA
3473,SFO
3474,SOF
3475,SPU
3476,SZG
3477,TLL
3478,TLS
3479,TXL
3480,VCE
3481,VIE
3482,VNO
3483,WAW
3484,WRO
3485,ZAG
3486,FRA
3487,MUC
3488,DUS
3489,DUS
3490,FRA
3491,MUC
3492,DUS
3493,FRA
3494,MUC
3495,BRU
3496,DUS
3497,FRA
3498,LIS
3499,MUC
3500,VIE
3501,WAW
3502,FRA
3503,MUC
3504,FRA
3505,BRU
3506,FRA
3507,MUC
3508,FRA
3509,MUC
3510,FRA
3511,FRA
3512,LHR
3513,MUC
3514,FRA
3515,MUC
3516,DUS
3517,FRA
3518,LAX
3519,MUC
3520,ORD
3521,SFO
3522,FRA
3523,HAM
3524,MUC
3525,FRA
3526,MUC
3527,MUC
3528,TXL
3529,FRA
3530,MUC
3531,FRA
3532,MUC
3533,DUS
3534,FRA
3535,MUC
3536,FRA
3537,CTA
3538,DUS
3539,FRA
3540,MUC
3541,AGP
3542,AMS
3543,ARN
3544,BCN
3545,BRU
3546,BUD
3547,CDG
3548,CLJ
3549,CPH
3550,CTA
3551,DBV
3552,DUB
3553,DUS
3554,FAO
3555,FCO
3556,FRA
3557,GDN
3558,GOT
3559,GRZ
3560,HAM
3561,HEL
3562,JFK
3563,KRK
3564,LAX
3565,LCA
3566,LHR
3567,LIS
3568,LJU
3569,LUX
3570,LYS
3571,MAD
3572,MAN
3573,MLA
3574,MXP
3575,NCE
3576,ORD
3577,OTP
3578,PMI
3579,PRG
3580,RTM
3581,SFO
3582,SOF
3583,SPU
3584,TLS
3585,TSR
3586,TXL
3587,VCE
3588,VIE
3589,WAW
3590,WRO
3591,ZAG
3592,BRU
3593,FRA
3594,MUC
3595,DUS
3596,FRA
3597,MUC
3598,FRA
3599,AMS
3600,ATL
3601,CDG
3602,DUS
3603,FRA
3604,LHR
3605,MUC
3606,DUS
3607,FRA
3608,MUC
3609,FRA
3610,MUC
3611,FRA
3612,MUC
3613,FRA
3614,MUC
3615,FRA
3616,FRA
3617,LHR
3618,MUC
3619,FRA
3620,MUC
3621,DUS
3622,FRA
3623,MUC
3624,FRA
3625,FRA
3626,FRA
3627,MUC
3628,MUC
3629,ARN
3630,BCN
3631,BRU
3632,CDG
3633,CPH
3634,DUS
3635,FRA
3636,LUX
3637,MUC
3638,VIE
3639,ZAG
3640,FRA
3641,MUC
3642,DUS
3643,FRA
3644,HAM
3645,MUC
3646,TXL
3647,BRU
3648,FRA
3649,DUS
3650,FRA
3651,HAM
3652,MUC
3653,FRA
3654,MUC
3655,FRA
3656,MUC
3657,TXL
3658,WAW
3659,WAW
3660,WAW
3661,WAW
3662,WAW
3663,WAW
3664,WAW
3665,WAW
3666,GDN
3667,KRK
3668,KTW
3669,WAW
3670,WRO
3671,FRA
3672,MUC
3673,WAW
3674,WAW
3675,WAW
3676,FRA
3677,MUC
3678,VIE
3679,WAW
3680,FRA
3681,WAW
3682,WAW
3683,WAW
3684,WAW
3685,WAW
3686,WAW
3687,GDN
3688,KRK
3689,WAW
3690,WRO
3691,WAW
3692,WAW
3693,WAW
3694,WAW
3695,WAW
3696,WAW
3697,WAW
3698,WAW
3699,KRK
3700,WAW
3701,WAW
3702,AMS
3703,ARN
3704,BCN
3705,BRU
3706,BUD
3707,CDG
3708,CPH
3709,DUS
3710,FRA
3711,GDN
3712,HAM
3713,JFK
3714,KRK
3715,KTW
3716,LCA
3717,LHR
3718,LIS
3719,LJU
3720,MAD
3721,MUC
3722,MXP
3723,NCE
3724,ORD
3725,OTP
3726,PRG
3727,RIX
3728,SOF
3729,TLL
3730,VIE
3731,VNO
3732,WRO
3733,FRA
3734,MUC
3735,WAW
3736,BFS
3737,EDI
3738,GLA
3739,MAN
3740,BFS
3741,EDI
3742,GLA
3743,MAN
3744,GLA
3745,MAN
3746,AGP
3747,ALC
3748,DBV
3749,FAO
3750,PMI
3751,EDI
3752,MAN
3753,MAN
3754,BFS
3755,EDI
3756,MAN
3757,AGP
3758,ALC
3759,BUD
3760,DBV
3761,FAO
3762,PMI
3763,PRG
3764,VCE
3765,BFS
3766,EDI
3767,GLA
3768,MAN
3769,GLA
3770,MAN
3771,MAN
3772,AGP
3773,ALC
3774,BCN
3775,FAO
3776,FCO
3777,PFO
3778,PMI
3779,MAN
3780,AGP
3781,ALC
3782,BCN
3783,BUD
3784,CDG
3785,DBV
3786,FAO
3787,FCO
3788,FNC
3789,LCA
3790,NCE
3791,PFO
3792,PMI
3793,PRG
3794,SPU
3795,TLS
3796,VCE
3797,VIE
3798,MAN
3799,GLA
3800,MAN
3801,BFS
3802,EDI
3803,GLA
3804,MAN
3805,EDI
3806,MAN
3807,MAN
3808,MAN
3809,EDI
3810,MAN
3811,MAN
3812,VNO
3813,VNO
3814,VNO
3815,VNO
3816,VNO
3817,VNO
3818,BRU
3819,CDG
3820,MUC
3821,PRG
3822,TLL
3823,TXL
3824,MAD
3825,HEL
3826,ORD
3827,DFW
3828,HEL
3829,ORD
3830,FRA
3831,LHR
3832,DFW
3833,CDG
3834,LHR
3835,LHR
3836,DFW
3837,HEL
3838,JFK
3839,ATL
3840,CDG
3841,BCN
3842,CDG
3843,CPH
3844,FCO
3845,FRA
3846,LHR
3847,MAD
3848,AMS
3849,AMS
3850,AMS
3851,AMS
3852,AMS
3853,AMS
3854,AMS
3855,ORD
3856,LIS
3857,WAW
3858,LHR
3859,ATL
3860,LHR
3861,DFW
3862,DFW
3863,LAS
3864,ORD
3865,ATL
3866,DEN
3867,LAS
3868,LAX
3869,MCO
3870,ORD
3871,DEN
3872,DFW
3873,LAX
3874,ORD
3875,DFW
3876,LAS
3877,ORD
3878,DFW
3879,ORD
3880,DEN
3881,DFW
3882,LAS
3883,LAX
3884,MCO
3885,PDL
3886,FNC
3887,SFO
3888,SFO
3889,LHR
3890,LAX
3891,SFO
3892,ATL
3893,FRA
3894,LHR
3895,PRG
3896,PRG
3897,PRG
3898,PMI
3899,PRG
3900,PRG
3901,PRG
3902,PRG
3903,PRG
3904,PRG
3905,PRG
3906,PRG
3907,PRG
3908,PRG
3909,PRG
3910,PRG
3911,PRG
3912,PRG
3913,PRG
3914,PRG
3915,PRG
3916,BCN
3917,PRG
3918,AGP
3919,AMS
3920,ARN
3921,BCN
3922,BRU
3923,BTS
3924,BUD
3925,CDG
3926,CLJ
3927,CPH
3928,DUS
3929,FCO
3930,FRA
3931,HAM
3932,HEL
3933,MAD
3934,MLA
3935,MXP
3936,NCE
3937,OTP
3938,PMI
3939,RIX
3940,SOF
3941,TXL
3942,WAW
3943,PRG
3944,PRG
3945,PRG
3946,PRG
3947,PRG
3948,VIE
3949,VIE
3950,VIE
3951,VIE
3952,VIE
3953,VIE
3954,VIE
3955,VIE
3956,VIE
3957,VIE
3958,GRZ
3959,VIE
3960,VIE
3961,VIE
3962,GRZ
3963,INN
3964,SZG
3965,VIE
3966,DUS
3967,FRA
3968,MUC
3969,VIE
3970,VIE
3971,VIE
3972,FRA
3973,VIE
3974,VIE
3975,VIE
3976,VIE
3977,VIE
3978,VIE
3979,VIE
3980,VIE
3981,VIE
3982,VIE
3983,GRZ
3984,VIE
3985,VIE
3986,VIE
3987,VIE
3988,VIE
3989,VIE
3990,VIE
3991,VIE
3992,VIE
3993,VIE
3994,FRA
3995,VIE
3996,VIE
3997,VIE
3998,VIE
3999,AMS
4000,ARN
4001,BCN
4002,BRU
4003,BUD
4004,CDG
4005,CLJ
4006,CPH
4007,CTA
4008,DBV
4009,DUS
4010,FCO
4011,FNC
4012,FRA
4013,GRZ
4014,HAM
4015,IAS
4016,INN
4017,JFK
4018,KRK
4019,LCA
4020,LHR
4021,LIS
4022,LJU
4023,LUX
4024,LYS
4025,MLA
4026,MUC
4027,MXP
4028,NCE
4029,ORD
4030,OTP
4031,PMI
4032,PRG
4033,RIX
4034,SOF
4035,SPU
4036,SZG
4037,TXL
4038,VAR
4039,VCE
4040,VNO
4041,WAW
4042,ZAG
4043,VIE
4044,VIE
4045,VIE
4046,DBV
4047,ZAG
4048,ZAG
4049,ZAG
4050,DBV
4051,SPU
4052,ZAG
4053,ZAG
4054,AMS
4055,CDG
4056,DUS
4057,FCO
4058,FRA
4059,MUC
4060,TXL
4061,VCE
4062,VIE
4063,ZAG
4064,DBV
4065,SPU
4066,DBV
4067,SPU
4068,DBV
4069,SPU
4070,ZAG
4071,SPU
4072,SPU
4073,ZAG
4074,SPU
4075,DBV
4076,SPU
4077,ZAG
4078,CDG
4079,DBV
4080,DUS
4081,FCO
4082,FRA
4083,LGW
4084,LHR
4085,LYS
4086,MUC
4087,TXL
4088,VIE
4089,ZAG
4090,DBV
4091,SPU
4092,ZAG
4093,DBV
4094,DBV
4095,SPU
4096,ZAG
4097,AMS
4098,BCN
4099,BRU
4100,CDG
4101,CPH
4102,DBV
4103,FRA
4104,LHR
4105,MUC
4106,SPU
4107,TXL
4108,VIE
4109,TLL
4110,TLL
4111,TLL
4112,TLL
4113,TLL
4114,TLL
4115,AMS
4116,ARN
4117,BRU
4118,CPH
4119,NCE
4120,SPU
4121,VNO
4122,TLL
4123,JFK
4124,ORD
4125,ATL
4126,MXP
4127,JFK
4128,CDG
4129,DFW
4130,ORD
4131,ATL
4132,LAX
4133,JFK
4134,ATL
4135,ORD
4136,JFK
4137,ZAG
4138,JFK
4139,BCN
4140,CDG
4141,LAS
4142,MXP
4143,ORD
4144,JFK
4145,JFK
4146,ATL
4147,JFK
4148,SOF
4149,OTP
4150,BUD
4151,PRG
4152,PRG
4153,PRG
4154,PRG
4155,PRG
4156,PRG
4157,PRG
4158,PRG
4159,PRG
4160,PRG
4161,PRG
4162,PRG
4163,PRG
4164,PRG
4165,PRG
4166,PRG
4167,PRG
4168,PRG
4169,AMS
4170,ARN
4171,BCN
4172,BRU
4173,BTS
4174,BUD
4175,CDG
4176,CPH
4177,DUS
4178,FCO
4179,FNC
4180,FRA
4181,HAM
4182,MAD
4183,MXP
4184,NCE
4185,OTP
4186,PMI
4187,SPU
4188,TXL
4189,WAW
4190,PRG
4191,PRG
4192,PRG
4193,VIE
4194,VIE
4195,VIE
4196,CPH
4197,MUC
4198,MXP
4199,OTP
4200,OTP
4201,OTP
4202,OTP
4203,OTP
4204,OTP
4205,PRG
4206,VIE
4207,OTP
4208,IAS
4209,OTP
4210,OTP
4211,FCO
4212,LTN
4213,OTP
4214,VIE
4215,OTP
4216,OTP
4217,IAS
4218,OTP
4219,OTP
4220,OTP
4221,AMS
4222,BCN
4223,BRU
4224,BUD
4225,CDG
4226,CLJ
4227,DUB
4228,FCO
4229,FRA
4230,IAS
4231,LCA
4232,LHR
4233,MAD
4234,MUC
4235,NCE
4236,PRG
4237,SOF
4238,TSR
4239,VIE
4240,WAW
4241,CLJ
4242,OTP
4243,OTP
4244,OTP
4245,CLJ
4246,IAS
4247,OTP
4248,OTP
4249,LIS
4250,LIS
4251,PDL
4252,LIS
4253,LIS
4254,OPO
4255,LIS
4256,LIS
4257,LIS
4258,OPO
4259,PDL
4260,LIS
4261,PDL
4262,LIS
4263,PDL
4264,LIS
4265,AGP
4266,AMS
4267,ARN
4268,BCN
4269,CPH
4270,FAO
4271,FNC
4272,FRA
4273,LGW
4274,LHR
4275,MAD
4276,OPO
4277,PDL
4278,LIS
4279,OPO
4280,OPO
4281,BCN
4282,FNC
4283,LIS
4284,MAD
4285,MUC
4286,PDL
4287,PDL
4288,AMS
4289,ARN
4290,FNC
4291,FRA
4292,LGW
4293,LIS
4294,OPO
4295,ORY
4296,MUC
4297,MAN
4298,JFK
4299,CDG
4300,CDG
4301,CDG
4302,ARN
4303,BLL
4304,CPH
4305,CPH
4306,ARN
4307,CPH
4308,GOT
4309,ARN
4310,ARN
4311,CPH
4312,AAL
4313,AGP
4314,ALC
4315,AMS
4316,BCN
4317,BLL
4318,BRU
4319,CDG
4320,CPH
4321,DBV
4322,DUB
4323,DUS
4324,EDI
4325,FCO
4326,FRA
4327,GOT
4328,HAM
4329,HEL
4330,LHR
4331,MAD
4332,MAN
4333,MLA
4334,MMX
4335,MUC
4336,NCE
4337,ORD
4338,OUL
4339,PMI
4340,PRG
4341,RIX
4342,SPU
4343,TLL
4344,TXL
4345,VNO
4346,ARN
4347,CPH
4348,ARN
4349,CPH
4350,FRA
4351,ARN
4352,CPH
4353,CPH
4354,FRA
4355,ARN
4356,CPH
4357,AAL
4358,ABZ
4359,AGP
4360,AMS
4361,ARN
4362,BCN
4363,BLL
4364,BRU
4365,BUD
4366,CDG
4367,DUB
4368,DUS
4369,FCO
4370,FRA
4371,GDN
4372,GOT
4373,HAM
4374,HEL
4375,LHR
4376,LJU
4377,LUX
4378,MAD
4379,MAN
4380,MUC
4381,MXP
4382,NCE
4383,ORD
4384,OTP
4385,PMI
4386,PRG
4387,RIX
4388,SFO
4389,SPU
4390,TLL
4391,TXL
4392,VCE
4393,VNO
4394,WAW
4395,WRO
4396,ZAG
4397,ARN
4398,ARN
4399,CPH
4400,ARN
4401,CPH
4402,ARN
4403,ARN
4404,CPH
4405,ARN
4406,BLL
4407,CPH
4408,GOT
4409,HEL
4410,CPH
4411,AGP
4412,ARN
4413,CPH
4414,FRA
4415,LHR
4416,MUC
4417,PMI
4418,SPU
4419,ARN
4420,CPH
4421,ARN
4422,CPH
4423,FRA
4424,MUC
4425,ARN
4426,CPH
4427,GOT
4428,CPH
4429,CPH
4430,ARN
4431,CPH
4432,ARN
4433,CPH
4434,ARN
4435,ARN
4436,ARN
4437,CPH
4438,GOT
4439,HEL
4440,MAD
4441,CPH
4442,ARN
4443,CPH
4444,ARN
4445,CPH
4446,CPH
4447,ARN
4448,ARN
4449,CPH
4450,GOT
4451,ARN
4452,CPH
4453,ARN
4454,CPH
4455,CPH
4456,ARN
4457,CPH
4458,GOT
4459,ARN
4460,CPH
4461,ARN
4462,CPH
4463,CPH
4464,ARN
4465,CPH
4466,CPH
4467,CPH
4468,CPH
4469,BRU
4470,BRU
4471,BRU
4472,BRU
4473,AGP
4474,ALC
4475,BCN
4476,BMA
4477,BUD
4478,CDG
4479,CPH
4480,CTA
4481,EDI
4482,FAO
4483,FCO
4484,FRA
4485,GOT
4486,HAM
4487,JFK
4488,LHR
4489,LIS
4490,LJU
4491,LYS
4492,MAD
4493,MAN
4494,MLA
4495,MUC
4496,MXP
4497,NCE
4498,OPO
4499,ORD
4500,OTP
4501,PRG
4502,RIX
4503,TLL
4504,TLS
4505,TXL
4506,VCE
4507,VIE
4508,VNO
4509,ZAG
4510,BRU
4511,BRU
4512,BRU
4513,BRU
4514,BRU
4515,BRU
4516,BRU
4517,BRU
4518,BRU
4519,BRU
4520,BRU
4521,BRU
4522,BRU
4523,BRU
4524,BRU
4525,BRU
4526,BRU
4527,BRU
4528,BRU
4529,BRU
4530,BRU
4531,BRU
4532,BRU
4533,BRU
4534,BRU
4535,BRU
4536,BRU
4537,BRU
4538,BRU
4539,BRU
4540,BRU
4541,BRU
4542,BRU
4543,MXP
4544,JFK
4545,LYS
4546,FRA
4547,ORD
4548,MUC
4549,MAN
4550,BCN
4551,JFK
4552,LYS
4553,TLS
4554,ATL
4555,TLS
4556,MXP
4557,LCA
4558,PMI
4559,MAN
4560,LGW
4561,MAN
4562,LCA
4563,PMI
4564,LAS
4565,LCA
4566,MLA
4567,PFO
4568,PMI
4569,MAN
4570,LGW
4571,MAN
4572,BRU
4573,GOT
4574,HEL
4575,MMX
4576,BMA
4577,CPH
4578,GOT
4579,BRU
4580,BMA
4581,BRU
4582,BMA
4583,BMA
4584,LHR
4585,MAN
4586,LIS
4587,MAN
4588,ARN
4589,BRU
4590,OPO
4591,ARN
4592,CPH
4593,MAD
4594,BLL
4595,AAL
4596,VNO
4597,TLL
4598,LAX
4599,CDG
4600,CWL
4601,GLA
4602,LGW
4603,LTN
4604,MAN
4605,ORY
4606,CWL
4607,GLA
4608,LGW
4609,MAN
4610,ORY
4611,LGW
4612,MAN
4613,ORY
4614,AGP
4615,ALC
4616,LCA
4617,PMI
4618,LGW
4619,MAN
4620,ORY
4621,PMI
4622,GLA
4623,LGW
4624,LTN
4625,MAN
4626,ORY
4627,STN
4628,VCE
4629,LGW
4630,MAN
4631,OPO
4632,AGP
4633,ALC
4634,FAO
4635,LCA
4636,PMI
4637,CWL
4638,GLA
4639,LGW
4640,MAN
4641,AGP
4642,ALC
4643,CTA
4644,DBV
4645,FAO
4646,FNC
4647,LCA
4648,MLA
4649,PFO
4650,PMI
4651,VCE
4652,ORY
4653,AGP
4654,FAO
4655,LCA
4656,PFO
4657,PMI
4658,OPO
4659,AGP
4660,ALC
4661,CTA
4662,DBV
4663,FAO
4664,FNC
4665,LCA
4666,PFO
4667,PMI
4668,VCE
4669,LGW
4670,ORY
4671,FNC
4672,LYS
4673,ORY
4674,AGP
4675,BUD
4676,CTA
4677,DBV
4678,FAO
4679,LIS
4680,MLA
4681,OPO
4682,PRG
4683,VCE
4684,LGW
4685,LTN
4686,MAN
4687,STN
4688,CWL
4689,EDI
4690,GLA
4691,LGW
4692,LTN
4693,MAN
4694,STN
4695,ORY
4696,FAO
4697,PFO
4698,PMI
4699,LGW
4700,MAN
4701,ORY
4702,GLA
4703,FNC
4704,PMI
4705,LGW
4706,MAN
4707,LCA
4708,PFO
4709,PMI
4710,LCA
4711,MLA
4712,PFO
4713,PMI
4714,MAN
4715,LGW
4716,MAN
4717,GLA
4718,LGW
4719,MAN
4720,PMI
4721,LIS
4722,LIS
4723,OPO
4724,LIS
4725,LIS
4726,OPO
4727,FAO
4728,LIS
4729,OPO
4730,LIS
4731,LIS
4732,LIS
4733,BRU
4734,FRA
4735,LIS
4736,MUC
4737,LIS
4738,OPO
4739,LGW
4740,LIS
4741,OPO
4742,PDL
4743,VIE
4744,FAO
4745,LIS
4746,OPO
4747,LIS
4748,LIS
4749,FNC
4750,LIS
4751,OPO
4752,LIS
4753,AGP
4754,AMS
4755,ARN
4756,BCN
4757,BRU
4758,BUD
4759,CPH
4760,DUS
4761,FAO
4762,FCO
4763,FNC
4764,FRA
4765,HAM
4766,HEL
4767,LGW
4768,LHR
4769,LUX
4770,LYS
4771,MAD
4772,MAN
4773,MUC
4774,MXP
4775,NCE
4776,OPO
4777,ORY
4778,OTP
4779,PDL
4780,PRG
4781,TLS
4782,VCE
4783,VIE
4784,WAW
4785,LIS
4786,OPO
4787,LIS
4788,LIS
4789,OPO
4790,LIS
4791,FAO
4792,LIS
4793,LIS
4794,OPO
4795,LIS
4796,AMS
4797,BCN
4798,BRU
4799,FCO
4800,FNC
4801,FRA
4802,LGW
4803,LIS
4804,LUX
4805,MAD
4806,MXP
4807,ORY
4808,PDL
4809,LIS
4810,OPO
4811,LIS
4812,FNC
4813,LIS
4814,OPO
4815,LIS
4816,LIS
4817,LIS
4818,FNC
4819,LIS
4820,LIS
4821,LIS
4822,LGW
4823,LTN
4824,BFS
4825,CDG
4826,GLA
4827,LGW
4828,LTN
4829,MAN
4830,MXP
4831,STN
4832,BFS
4833,EDI
4834,GLA
4835,LGW
4836,LTN
4837,MAN
4838,BFS
4839,EDI
4840,FCO
4841,GLA
4842,LGW
4843,LIS
4844,LTN
4845,MAN
4846,MXP
4847,PRG
4848,STN
4849,BFS
4850,CDG
4851,LGW
4852,LTN
4853,LYS
4854,MXP
4855,NCE
4856,AGP
4857,ALC
4858,AMS
4859,BCN
4860,CDG
4861,EDI
4862,FAO
4863,GLA
4864,KRK
4865,LGW
4866,LTN
4867,MAN
4868,MLA
4869,NCE
4870,PMI
4871,STN
4872,LGW
4873,LYS
4874,MXP
4875,NCE
4876,TLS
4877,CDG
4878,LGW
4879,LTN
4880,AGP
4881,BCN
4882,BFS
4883,BUD
4884,CPH
4885,CTA
4886,EDI
4887,GLA
4888,KRK
4889,LGW
4890,LIS
4891,LTN
4892,MAD
4893,MXP
4894,NCE
4895,OPO
4896,PRG
4897,TLS
4898,VCE
4899,CDG
4900,EDI
4901,FCO
4902,HAM
4903,LGW
4904,MAN
4905,MXP
4906,STN
4907,CDG
4908,HAM
4909,LGW
4910,LTN
4911,MAN
4912,MXP
4913,EDI
4914,LGW
4915,STN
4916,LGW
4917,ALC
4918,AMS
4919,BFS
4920,CDG
4921,CPH
4922,DBV
4923,HAM
4924,KRK
4925,LGW
4926,LIS
4927,LTN
4928,LYS
4929,MAD
4930,MUC
4931,MXP
4932,NCE
4933,PFO
4934,PMI
4935,PRG
4936,STN
4937,BFS
4938,GLA
4939,LGW
4940,LTN
4941,ORY
4942,AMS
4943,CPH
4944,HAM
4945,LGW
4946,LYS
4947,MXP
4948,NCE
4949,ORY
4950,PRG
4951,TLS
4952,LGW
4953,LIS
4954,AGP
4955,ALC
4956,AMS
4957,BFS
4958,CDG
4959,FAO
4960,LGW
4961,LTN
4962,PMI
4963,STN
4964,CPH
4965,CTA
4966,EDI
4967,FCO
4968,LGW
4969,LTN
4970,MAN
4971,MXP
4972,NCE
4973,PMI
4974,VCE
4975,LGW
4976,BFS
4977,CDG
4978,EDI
4979,LGW
4980,LGW
4981,MXP
4982,ABZ
4983,AGP
4984,ALC
4985,AMS
4986,BCN
4987,BFS
4988,BRU
4989,BUD
4990,CDG
4991,CPH
4992,CTA
4993,DBV
4994,DUS
4995,EDI
4996,FAO
4997,FCO
4998,FNC
4999,GLA
5000,HAM
5001,INN
5002,KRK
5003,LCA
5004,LIS
5005,LUX
5006,LYS
5007,MAD
5008,MLA
5009,MUC
5010,MXP
5011,NCE
5012,OPO
5013,OTP
5014,PFO
5015,PMI
5016,PRG
5017,SOF
5018,SPU
5019,TLL
5020,TLS
5021,VCE
5022,VIE
5023,ZAG
5024,AMS
5025,CDG
5026,EDI
5027,FNC
5028,LGW
5029,LTN
5030,LUX
5031,LYS
5032,MAD
5033,MXP
5034,NCE
5035,STN
5036,ABZ
5037,AGP
5038,ALC
5039,AMS
5040,BCN
5041,BFS
5042,BUD
5043,CDG
5044,CTA
5045,EDI
5046,FAO
5047,GLA
5048,HAM
5049,LIS
5050,MAD
5051,MXP
5052,NCE
5053,PFO
5054,PMI
5055,VCE
5056,LGW
5057,LIS
5058,MXP
5059,BCN
5060,BRU
5061,EDI
5062,FCO
5063,LGW
5064,LIS
5065,MAD
5066,NCE
5067,OPO
5068,STN
5069,TLS
5070,VCE
5071,CDG
5072,EDI
5073,LGW
5074,LIS
5075,LTN
5076,LYS
5077,MXP
5078,AGP
5079,ALC
5080,AMS
5081,BFS
5082,CPH
5083,CTA
5084,HAM
5085,MLA
5086,MUC
5087,PFO
5088,PMI
5089,PRG
5090,SOF
5091,VCE
5092,BFS
5093,LGW
5094,MAN
5095,EDI
5096,LGW
5097,MAN
5098,STN
5099,AGP
5100,AMS
5101,BCN
5102,BRU
5103,CDG
5104,CPH
5105,CTA
5106,EDI
5107,FCO
5108,HAM
5109,LCA
5110,LGW
5111,LIS
5112,LTN
5113,LUX
5114,MAD
5115,PMI
5116,PRG
5117,BCN
5118,BFS
5119,BRU
5120,CDG
5121,EDI
5122,FCO
5123,HAM
5124,LGW
5125,LIS
5126,LTN
5127,LYS
5128,ORY
5129,STN
5130,TLS
5131,VCE
5132,CDG
5133,LGW
5134,LYS
5135,FAO
5136,FCO
5137,NCE
5138,TLS
5139,VCE
5140,LGW
5141,EDI
5142,LGW
5143,LTN
5144,MAN
5145,BFS
5146,EDI
5147,GLA
5148,HAM
5149,LGW
5150,LTN
5151,MAN
5152,MXP
5153,STN
5154,AMS
5155,CDG
5156,EDI
5157,FCO
5158,LGW
5159,MAN
5160,MXP
5161,STN
5162,LGW
5163,MAN
5164,STN
5165,LGW
5166,AGP
5167,AMS
5168,BFS
5169,CPH
5170,DBV
5171,EDI
5172,GLA
5173,LJU
5174,LYS
5175,MUC
5176,NCE
5177,PMI
5178,PRG
5179,SOF
5180,LGW
5181,BRU
5182,CDG
5183,FCO
5184,LGW
5185,LYS
5186,NCE
5187,ORY
5188,CDG
5189,HAM
5190,LGW
5191,LTN
5192,LYS
5193,MAN
5194,NCE
5195,ORY
5196,LGW
5197,LGW
5198,ORD
5199,DEN
5200,FRA
5201,ORD
5202,SFO
5203,GOT
5204,JFK
5205,MAN
5206,ORD
5207,PRG
5208,ORD
5209,SFO
5210,ATL
5211,DFW
5212,FRA
5213,LAS
5214,LAX
5215,MCO
5216,ORD
5217,SEA
5218,SFO
5219,DEN
5220,FRA
5221,LAX
5222,ORD
5223,SFO
5224,JFK
5225,ORD
5226,ORD
5227,BRU
5228,ATL
5229,DEN
5230,DFW
5231,JFK
5232,LAX
5233,MCO
5234,ORD
5235,SEA
5236,SFO
5237,ARN
5238,BRU
5239,DUB
5240,FRA
5241,LAX
5242,MUC
5243,SFO
5244,VIE
5245,DEN
5246,LAX
5247,ORD
5248,SFO
5249,DEN
5250,DFW
5251,FRA
5252,JFK
5253,LAS
5254,LHR
5255,MCO
5256,MUC
5257,ORD
5258,SEA
5259,SFO
5260,LAX
5261,ORD
5262,SFO
5263,DEN
5264,FRA
5265,LAX
5266,ORD
5267,SFO
5268,JFK
5269,LAX
5270,ORD
5271,SFO
5272,AMS
5273,ATL
5274,BRU
5275,CDG
5276,DEN
5277,DFW
5278,DUB
5279,DUS
5280,FRA
5281,LAS
5282,LAX
5283,LHR
5284,MCO
5285,MUC
5286,SEA
5287,SFO
5288,VIE
5289,BRU
5290,DEN
5291,FRA
5292,LAX
5293,ORD
5294,SFO
5295,ATL
5296,CDG
5297,DEN
5298,DFW
5299,FRA
5300,JFK
5301,LAS
5302,LAX
5303,LHR
5304,MCO
5305,MUC
5306,ORD
5307,SEA
5308,JFK
5309,ORD
5310,LHR
5311,LHR
5312,LHR
5313,MCO
5314,ABZ
5315,EDI
5316,LAX
5317,MAN
5318,SFO
5319,LHR
5320,LGW
5321,LHR
5322,LIS
5323,DFW
5324,ORD
5325,JFK
5326,LIS
5327,DFW
5328,JFK
5329,ORD
5330,DFW
5331,LAX
5332,ORD
5333,ATL
5334,CDG
5335,DEN
5336,FRA
5337,JFK
5338,LAS
5339,LAX
5340,LHR
5341,MAD
5342,MCO
5343,ORD
5344,SEA
5345,SFO
5346,JFK
5347,ORD
5348,ORD
5349,LIS
5350,JFK
5351,LIS
5352,ORD
5353,LIS
5354,DFW
5355,JFK
5356,LIS
5357,BCN
5358,CDG
5359,DFW
5360,DUB
5361,FCO
5362,FRA
5363,LAS
5364,LAX
5365,LHR
5366,MAD
5367,MAN
5368,MCO
5369,MXP
5370,ORD
5371,SEA
5372,SFO
5373,DFW
5374,JFK
5375,LAX
5376,ORD
5377,DEN
5378,DFW
5379,JFK
5380,LAS
5381,LHR
5382,MCO
5383,ORD
5384,SFO
5385,DFW
5386,JFK
5387,LAX
5388,LIS
5389,ORD
5390,AMS
5391,BRU
5392,FAO
5393,FNC
5394,MAD
5395,OPO
5396,DFW
5397,JFK
5398,LIS
5399,OPO
5400,JFK
5401,ORD
5402,DFW
5403,JFK
5404,LAX
5405,ORD
5406,LIS
5407,JFK
5408,LIS
5409,LIS
5410,LIS
5411,MAD
5412,ATL
5413,CDG
5414,DEN
5415,DFW
5416,DUB
5417,DUS
5418,FCO
5419,JFK
5420,LAS
5421,LAX
5422,LHR
5423,MAN
5424,MCO
5425,SEA
5426,SFO
5427,DFW
5428,JFK
5429,ORD
5430,DFW
5431,JFK
5432,LAX
5433,ORD
5434,CDG
5435,MAD
5436,PMI
5437,MAD
5438,CDG
5439,MAD
5440,OTP
5441,PMI
5442,PRG
5443,MAD
5444,AGP
5445,BCN
5446,GOT
5447,MAD
5448,MAD
5449,MAD
5450,MAD
5451,MAD
5452,AGP
5453,AMS
5454,BCN
5455,BRU
5456,FCO
5457,FRA
5458,JFK
5459,LGW
5460,LIS
5461,MUC
5462,MXP
5463,ORY
5464,OTP
5465,PMI
5466,PRG
5467,MAD
5468,MAD
5469,MAD
5470,PMI
5471,BCN
5472,MAD
5473,BCN
5474,MAD
5475,ORY
5476,BCN
5477,MAD
5478,VCE
5479,CTA
5480,LAX
5481,ATL
5482,MUC
5483,MAN
5484,MAD
5485,FRA
5486,LHR
5487,DEN
5488,DFW
5489,JFK
5490,LAS
5491,LAX
5492,LHR
5493,MAN
5494,MCO
5495,ORD
5496,SFO
5497,ATL
5498,ATL
5499,LHR
5500,MCO
5501,ATL
5502,LHR
5503,ATL
5504,LGW
5505,MAN
5506,ATL
5507,LHR
5508,LAS
5509,MCO
5510,ABZ
5511,ATL
5512,EDI
5513,JFK
5514,LAX
5515,MAN
5516,ORD
5517,SEA
5518,SFO
5519,ATL
5520,LAS
5521,LHR
5522,MCO
5523,MUC
5524,ATL
5525,GLA
5526,LGW
5527,MAN
5528,MAN
5529,ATL
5530,LHR
5531,LHR
5532,ATL
5533,LHR
5534,LAX
5535,SFO
5536,LAS
5537,LAX
5538,SFO
5539,JFK
5540,LAX
5541,SFO
5542,DFW
5543,JFK
5544,LAS
5545,MCO
5546,ORD
5547,SEA
5548,SFO
5549,LAX
5550,SFO
5551,LAX
5552,SFO
5553,LAX
5554,SFO
5555,DFW
5556,JFK
5557,LAS
5558,LAX
5559,MCO
5560,ORD
5561,SEA
5562,BCN
5563,AMS
5564,BCN
5565,BRU
5566,CPH
5567,CWL
5568,FCO
5569,HAM
5570,LYS
5571,MUC
5572,ORY
5573,PMI
5574,TLS
5575,AMS
5576,BCN
5577,BRU
5578,CPH
5579,CWL
5580,FCO
5581,ORY
5582,PMI
5583,AGP
5584,ALC
5585,BCN
5586,PMI
5587,BCN
5588,AAL
5589,AGP
5590,ALC
5591,AMS
5592,ARN
5593,BRU
5594,CDG
5595,CPH
5596,CTA
5597,CWL
5598,DBV
5599,DUS
5600,EDI
5601,FCO
5602,FRA
5603,GOT
5604,HAM
5605,HEL
5606,LGW
5607,LIS
5608,LUX
5609,LYS
5610,MAD
5611,MLA
5612,MUC
5613,MXP
5614,NCE
5615,OPO
5616,ORY
5617,OTP
5618,PMI
5619,PRG
5620,TLS
5621,TXL
5622,VCE
5623,VIE
5624,WAW
5625,ZAG
5626,AGP
5627,ALC
5628,BCN
5629,FCO
5630,LIS
5631,OPO
5632,PMI
5633,VCE
5634,BCN
5635,MAD
5636,AGP
5637,ALC
5638,BCN
5639,BCN
5640,FCO
5641,AGP
5642,ALC
5643,BCN
5644,BCN
5645,BCN
5646,BCN
5647,AGP
5648,ALC
5649,BCN
5650,BRU
5651,CTA
5652,ORY
5653,PRG
5654,BCN
5655,BCN
5656,AGP
5657,BCN
5658,BCN
5659,BCN
5660,BCN
5661,BRU
5662,ORY
5663,BCN
5664,AGP
5665,BCN
5666,PMI
5667,BCN
5668,CDG
5669,BCN
5670,AGP
5671,BCN
5672,BCN
5673,BCN
5674,BCN
5675,BRU
5676,ORY
5677,AGP
5678,ALC
5679,BCN
5680,FCO
5681,LIS
5682,OPO
5683,PMI
5684,BCN
5685,AGP
5686,ALC
5687,AMS
5688,BCN
5689,BRU
5690,LYS
5691,ORY
5692,TLS
5693,BCN
5694,FCO
5695,AGP
5696,BCN
5697,PMI
5698,BCN
5699,BCN
5700,BRU
5701,BCN
5702,BCN
5703,BCN
5704,BUD
5705,BUD
5706,CLJ
5707,GDN
5708,KTW
5709,OTP
5710,SOF
5711,TSR
5712,VNO
5713,WAW
5714,CLJ
5715,GDN
5716,KTW
5717,OTP
5718,PRG
5719,SOF
5720,TSR
5721,VNO
5722,WAW
5723,LTN
5724,AGP
5725,BCN
5726,CRL
5727,CTA
5728,EIN
5729,FCO
5730,LCA
5731,LTN
5732,MAD
5733,MLA
5734,MMX
5735,MXP
5736,NYO
5737,WAW
5738,BCN
5739,BGY
5740,CRL
5741,EIN
5742,LTN
5743,MAD
5744,BUD
5745,CLJ
5746,LJU
5747,OTP
5748,SOF
5749,WAW
5750,BUD
5751,OTP
5752,EIN
5753,LTN
5754,BUD
5755,CLJ
5756,DEB
5757,GDN
5758,KTW
5759,OTP
5760,RIX
5761,SOF
5762,VNO
5763,WAW
5764,BUD
5765,GDN
5766,PRG
5767,SOF
5768,VNO
5769,WAW
5770,BCN
5771,BGY
5772,EIN
5773,FCO
5774,GLA
5775,LTN
5776,MMX
5777,NYO
5778,GDN
5779,WAW
5780,BCN
5781,BGY
5782,EIN
5783,LTN
5784,MMX
5785,NYO
5786,BUD
5787,OTP
5788,SOF
5789,CRL
5790,LTN
5791,BOJ
5792,BUD
5793,CLJ
5794,DEB
5795,GDN
5796,KTW
5797,LJU
5798,OTP
5799,PRG
5800,RIX
5801,SOF
5802,TSR
5803,VAR
5804,VNO
5805,WAW
5806,WRO
5807,BUD
5808,CLJ
5809,OTP
5810,SOF
5811,TSR
5812,BUD
5813,BUD
5814,GDN
5815,KTW
5816,WAW
5817,BUD
5818,OTP
5819,BUD
5820,GDN
5821,KTW
5822,WAW
5823,BCN
5824,BGY
5825,CRL
5826,CTA
5827,EIN
5828,LCA
5829,LTN
5830,MAD
5831,MXP
5832,BGY
5833,FCO
5834,LTN
5835,EIN
5836,LTN
5837,BCN
5838,BGY
5839,CRL
5840,EIN
5841,FCO
5842,LCA
5843,LTN
5844,MAD
5845,BCN
5846,BGY
5847,LTN
5848,MAD
5849,LTN
5850,BCN
5851,BGY
5852,EIN
5853,FCO
5854,LTN
5855,BCN
5856,BGY
5857,BUD
5858,CRL
5859,EIN
5860,FCO
5861,GLA
5862,LTN
5863,MMX
5864,NYO
5865,LTN
5866,DEN
5867,LAS
5868,LAX
5869,MCO
5870,SFO
5871,ATL
5872,LAS
5873,LAX
5874,MCO
5875,SEA
5876,SFO
5877,ATL
5878,DEN
5879,LAX
5880,MCO
5881,SEA
5882,SFO
5883,ATL
5884,DEN
5885,LAS
5886,SFO
5887,ATL
5888,DEN
5889,LAS
5890,DEN
5891,LAS
5892,ATL
5893,DEN
5894,LAS
5895,LAX
5896,JFK
5897,EDI
5898,GLA
5899,ORY
5900,CWL
5901,CWL
5902,CWL
5903,FAO
5904,PMI
5905,DUS
5906,FRA
5907,MUC
5908,FRA
5909,FAO
5910,FNC
5911,PMI
5912,FRA
5913,DUS
5914,FAO
5915,PMI
5916,DUS
5917,FRA
5918,MUC
5919,LGW
5920,LTN
5921,MAN
5922,LGW
5923,LTN
5924,MAN
5925,LGW
5926,MAN
5927,LGW
5928,MAN
5929,LGW
5930,LTN
5931,MAN
5932,LTN
5933,LGW
5934,LGW
5935,LTN
5936,MAN
5937,AGP
5938,ALC
5939,BCN
5940,DBV
5941,FAO
5942,FNC
5943,LCA
5944,NCE
5945,PFO
5946,PMI
5947,VCE
5948,AGP
5949,ALC
5950,FAO
5951,FCO
5952,LCA
5953,PMI
5954,AGP
5955,ALC
5956,BCN
5957,DBV
5958,FAO
5959,LCA
5960,PFO
5961,PMI
5962,VCE
5963,LGW
5964,LGW
5965,MAN
5966,LGW
5967,LTN
5968,MAN
5969,LGW
5970,MAN
5971,FAO
5972,CDG
5973,ORY
5974,ORY
5975,ORY
5976,FNC
5977,LIS
5978,OPO
